time,biomass
1958-01-16 00:00:00,898398292588713.8
1958-02-14 12:00:00,713602982387498.5
1958-03-16 00:00:00,490296962526855.9
1958-04-15 12:00:00,446444697469787.75
1958-05-16 00:00:00,436866041200840.56
1958-06-15 12:00:00,564148420951139.0
1958-07-16 00:00:00,639589013101250.6
1958-08-16 00:00:00,636484367144317.8
1958-09-15 12:00:00,512226469697856.06
1958-10-16 00:00:00,450691297586831.75
1958-11-15 12:00:00,399485571015486.75
1958-12-16 00:00:00,364133657253382.5
1959-01-16 00:00:00,372945677895642.75
1959-02-14 12:00:00,364239729607481.7
1959-03-16 00:00:00,210893279077470.56
1959-04-15 12:00:00,126944243915499.2
1959-05-16 00:00:00,38019858601391.82
1959-06-15 12:00:00,26207906382725.26
1959-07-16 00:00:00,85038931556103.31
1959-08-16 00:00:00,227525863577361.72
1959-09-15 12:00:00,414182545594365.5
1959-10-16 00:00:00,667851677400553.1
1959-11-15 12:00:00,998499603877354.4
1959-12-16 00:00:00,665915195866041.2
1960-01-16 00:00:00,375322098882406.75
1960-02-14 12:00:00,474137085786482.1
1960-03-16 00:00:00,535957974710119.0
1960-04-15 12:00:00,485637686130973.06
1960-05-16 00:00:00,168347246557040.9
1960-06-15 12:00:00,68051800478577.49
1960-07-16 00:00:00,224403332757838.75
1960-08-16 00:00:00,421478828672994.1
1960-09-15 12:00:00,529586829673894.2
1960-10-16 00:00:00,721834226393137.8
1960-11-15 12:00:00,1141411351589791.5
1960-12-16 00:00:00,1651583357638889.5
1961-01-16 00:00:00,1363042655592013.0
1961-02-14 12:00:00,777213065679642.2
1961-03-16 00:00:00,666856995993788.1
1961-04-15 12:00:00,589388824274719.8
1961-05-16 00:00:00,357231328036211.4
1961-06-15 12:00:00,297767762324584.5
1961-07-16 00:00:00,530659128411555.75
1961-08-16 00:00:00,591286700933775.1
1961-09-15 12:00:00,640323570222685.0
1961-10-16 00:00:00,692501298890804.2
1961-11-15 12:00:00,967541470184877.8
1961-12-16 00:00:00,1978823042575434.8
1962-01-16 00:00:00,2616797220895289.0
1962-02-14 12:00:00,1371219813671117.5
1962-03-16 00:00:00,707556049673355.5
1962-04-15 12:00:00,163234154322971.22
1962-05-16 00:00:00,32119376073765.5
1962-06-15 12:00:00,30513477984698.477
1962-07-16 00:00:00,60086796489892.97
1962-08-16 00:00:00,136318929715870.25
1962-09-15 12:00:00,285547837174733.5
1962-10-16 00:00:00,555635346233748.4
1962-11-15 12:00:00,993735750998542.0
1962-12-16 00:00:00,1164133372976048.5
1963-01-16 00:00:00,1350790748011963.5
1963-02-14 12:00:00,1105222869174131.4
1963-03-16 00:00:00,702338684255923.8
1963-04-15 12:00:00,477707530023026.9
1963-05-16 00:00:00,244195605692651.78
1963-06-15 12:00:00,133479939456795.34
1963-07-16 00:00:00,110213070980833.58
1963-08-16 00:00:00,247283220968771.25
1963-09-15 12:00:00,405375730537866.75
1963-10-16 00:00:00,406252001414410.6
1963-11-15 12:00:00,404658847207346.4
1963-12-16 00:00:00,572166300471020.8
1964-01-16 00:00:00,1250426578805557.5
1964-02-14 12:00:00,662085638631904.2
1964-03-16 00:00:00,243173294784041.66
1964-04-15 12:00:00,177835352045882.16
1964-05-16 00:00:00,51811791469058.03
1964-06-15 12:00:00,21952753020731.996
1964-07-16 00:00:00,198791375576801.72
1964-08-16 00:00:00,401740734512960.1
1964-09-15 12:00:00,484741411180212.75
1964-10-16 00:00:00,552796280527723.9
1964-11-15 12:00:00,756937028762488.2
1964-12-16 00:00:00,1048798996367211.5
1965-01-16 00:00:00,1283446779159513.0
1965-02-14 12:00:00,1281731832252108.5
1965-03-16 00:00:00,690875473859153.2
1965-04-15 12:00:00,250940949325157.8
1965-05-16 00:00:00,102856237516785.84
1965-06-15 12:00:00,94177524232582.19
1965-07-16 00:00:00,139091858684934.6
1965-08-16 00:00:00,219508782253960.44
1965-09-15 12:00:00,380656444777749.75
1965-10-16 00:00:00,593350951829994.5
1965-11-15 12:00:00,966119066676242.5
1965-12-16 00:00:00,1037442209806612.0
1966-01-16 00:00:00,1149662432880971.0
1966-02-14 12:00:00,1020151964325456.4
1966-03-16 00:00:00,751421775332048.0
1966-04-15 12:00:00,511582978706467.94
1966-05-16 00:00:00,261264261662988.34
1966-06-15 12:00:00,271163641478888.66
1966-07-16 00:00:00,294728522036631.2
1966-08-16 00:00:00,337869811488350.5
1966-09-15 12:00:00,468433370340142.75
1966-10-16 00:00:00,591721285040166.1
1966-11-15 12:00:00,864834802175599.1
1966-12-16 00:00:00,961613398977362.0
1967-01-16 00:00:00,775538297240936.5
1967-02-14 12:00:00,758737071307625.8
1967-03-16 00:00:00,871333032459430.4
1967-04-15 12:00:00,698772990086783.6
1967-05-16 00:00:00,514111113737040.1
1967-06-15 12:00:00,282548323729324.25
1967-07-16 00:00:00,176796668963101.66
1967-08-16 00:00:00,203268219287609.1
1967-09-15 12:00:00,249318905643559.38
1967-10-16 00:00:00,319075046093571.06
1967-11-15 12:00:00,401925137811813.6
1967-12-16 00:00:00,587930265347838.8
1968-01-16 00:00:00,789137862702083.6
1968-02-14 12:00:00,1063595654355202.6
1968-03-16 00:00:00,964626607697112.1
1968-04-15 12:00:00,690085837844816.6
1968-05-16 00:00:00,346620538770364.56
1968-06-15 12:00:00,124809346589543.9
1968-07-16 00:00:00,153120878765769.12
1968-08-16 00:00:00,283685710926158.8
1968-09-15 12:00:00,345536411575614.5
1968-10-16 00:00:00,479120124289629.2
1968-11-15 12:00:00,729431731704152.6
1968-12-16 00:00:00,800651467722666.5
1969-01-16 00:00:00,793252294646179.8
1969-02-14 12:00:00,703362740822778.5
1969-03-16 00:00:00,544001239722274.0
1969-04-15 12:00:00,221339473102501.75
1969-05-16 00:00:00,113529712463443.14
1969-06-15 12:00:00,82397757151839.77
1969-07-16 00:00:00,81111588409377.42
1969-08-16 00:00:00,179552463668571.16
1969-09-15 12:00:00,264659361731912.62
1969-10-16 00:00:00,356701791726077.5
1969-11-15 12:00:00,623349654420293.9
1969-12-16 00:00:00,1087895415492725.2
1970-01-16 00:00:00,1486911719604749.5
1970-02-14 12:00:00,1575537626066002.5
1970-03-16 00:00:00,1246111039599282.2
1970-04-15 12:00:00,794653490388896.9
1970-05-16 00:00:00,309258858366745.8
1970-06-15 12:00:00,164867017752883.4
1970-07-16 00:00:00,292034388772001.7
1970-08-16 00:00:00,403919426395387.25
1970-09-15 12:00:00,610982886359720.2
1970-10-16 00:00:00,772434870099259.9
1970-11-15 12:00:00,1076234050717873.2
1970-12-16 00:00:00,1720713389752825.5
1971-01-16 00:00:00,2041231547336337.0
1971-02-14 12:00:00,2444575271087183.5
1971-03-16 00:00:00,2738072736481355.5
1971-04-15 12:00:00,3109459232823335.0
1971-05-16 00:00:00,1830327149420462.0
1971-06-15 12:00:00,929762083373414.0
1971-07-16 00:00:00,521717631173625.94
1971-08-16 00:00:00,401654959552357.3
1971-09-15 12:00:00,527548552401448.3
1971-10-16 00:00:00,590247630058115.1
1971-11-15 12:00:00,874520718839999.4
1971-12-16 00:00:00,1229673064375354.5
1972-01-16 00:00:00,1826350014128135.8
1972-02-14 12:00:00,2109817242467822.8
1972-03-16 00:00:00,1973885888445975.0
1972-04-15 12:00:00,1693096664202255.5
1972-05-16 00:00:00,820916740298840.1
1972-06-15 12:00:00,370094289366191.9
1972-07-16 00:00:00,202917617576220.53
1972-08-16 00:00:00,187183907505284.25
1972-09-15 12:00:00,283394142643239.6
1972-10-16 00:00:00,353998340506898.1
1972-11-15 12:00:00,334518943343334.9
1972-12-16 00:00:00,267655454877471.88
1973-01-16 00:00:00,485447013600303.7
1973-02-14 12:00:00,447583932822926.6
1973-03-16 00:00:00,199954666753080.12
1973-04-15 12:00:00,129242003192098.95
1973-05-16 00:00:00,65006473283515.16
1973-06-15 12:00:00,31658995837115.527
1973-07-16 00:00:00,66388000304096.35
1973-08-16 00:00:00,150964085127423.1
1973-09-15 12:00:00,256057963278890.72
1973-10-16 00:00:00,501135175628253.2
1973-11-15 12:00:00,840905792345776.5
1973-12-16 00:00:00,974925585243669.0
1974-01-16 00:00:00,1328497738978880.0
1974-02-14 12:00:00,1374883947995375.0
1974-03-16 00:00:00,1110584592927507.0
1974-04-15 12:00:00,1024891824856455.2
1974-05-16 00:00:00,627537387603763.1
1974-06-15 12:00:00,407732018609480.0
1974-07-16 00:00:00,502219288795303.2
1974-08-16 00:00:00,703642201443122.8
1974-09-15 12:00:00,755467197323153.9
1974-10-16 00:00:00,861325367022406.9
1974-11-15 12:00:00,950149551603424.1
1974-12-16 00:00:00,804188794743177.2
1975-01-16 00:00:00,634837214958586.0
1975-02-14 12:00:00,748831140664540.0
1975-03-16 00:00:00,720501920341947.5
1975-04-15 12:00:00,487598833428722.06
1975-05-16 00:00:00,300322017986541.94
1975-06-15 12:00:00,231786135848766.06
1975-07-16 00:00:00,291686565342524.8
1975-08-16 00:00:00,347192000327922.4
1975-09-15 12:00:00,372908054794292.06
1975-10-16 00:00:00,433270745925266.75
1975-11-15 12:00:00,455110282417862.6
1975-12-16 00:00:00,705225847337397.9
1976-01-16 00:00:00,839143048838696.4
1976-02-14 12:00:00,848836460586627.5
1976-03-16 00:00:00,686661635592744.5
1976-04-15 12:00:00,536436691851888.75
1976-05-16 00:00:00,257519340114037.72
1976-06-15 12:00:00,117625558694829.75
1976-07-16 00:00:00,104196585776892.95
1976-08-16 00:00:00,78387243346642.9
1976-09-15 12:00:00,72880760817977.44
1976-10-16 00:00:00,93585951513110.75
1976-11-15 12:00:00,272705768802616.72
1976-12-16 00:00:00,501165403399029.4
1977-01-16 00:00:00,408832561500123.75
1977-02-14 12:00:00,291783847769314.94
1977-03-16 00:00:00,236189543561271.2
1977-04-15 12:00:00,304987039543292.8
1977-05-16 00:00:00,200423459461505.94
1977-06-15 12:00:00,49887115761388.445
1977-07-16 00:00:00,86519202241905.0
1977-08-16 00:00:00,181614711963096.28
1977-09-15 12:00:00,304345055676649.6
1977-10-16 00:00:00,296050495378206.25
1977-11-15 12:00:00,176686554951287.0
1977-12-16 00:00:00,221603636668497.3
1978-01-16 00:00:00,477857283516027.44
1978-02-14 12:00:00,308231240156561.9
1978-03-16 00:00:00,214783594891303.5
1978-04-15 12:00:00,248919813956916.7
1978-05-16 00:00:00,120661985507117.72
1978-06-15 12:00:00,149351572315047.12
1978-07-16 00:00:00,311717948679515.2
1978-08-16 00:00:00,471255343049704.3
1978-09-15 12:00:00,700824457578122.9
1978-10-16 00:00:00,966897503064309.0
1978-11-15 12:00:00,838759570676051.6
1978-12-16 00:00:00,609712855944743.5
1979-01-16 00:00:00,620190496340085.8
1979-02-14 12:00:00,366144476589137.9
1979-03-16 00:00:00,277566331049059.97
1979-04-15 12:00:00,135972084898932.94
1979-05-16 00:00:00,23167195896808.7
1979-06-15 12:00:00,36549228178975.56
1979-07-16 00:00:00,61651918431697.32
1979-08-16 00:00:00,101555031978968.94
1979-09-15 12:00:00,192492902453771.9
1979-10-16 00:00:00,366472339838187.4
1979-11-15 12:00:00,531857883883743.9
1979-12-16 00:00:00,930608822528955.2
1980-01-16 00:00:00,1109783443824952.8
1980-02-14 12:00:00,753308891996373.5
1980-03-16 00:00:00,425016069944949.4
1980-04-15 12:00:00,298658172342874.75
1980-05-16 00:00:00,90199819248337.1
1980-06-15 12:00:00,22250213317457.64
1980-07-16 00:00:00,55219945950843.98
1980-08-16 00:00:00,229011598063968.12
1980-09-15 12:00:00,376061327473976.9
1980-10-16 00:00:00,509779512449119.0
1980-11-15 12:00:00,635375001379331.1
1980-12-16 00:00:00,554455894289057.4
1981-01-16 00:00:00,622513461479070.2
1981-02-14 12:00:00,684761637426930.2
1981-03-16 00:00:00,791211392763105.2
1981-04-15 12:00:00,609417630406146.1
1981-05-16 00:00:00,390624434794501.4
1981-06-15 12:00:00,70661387943497.2
1981-07-16 00:00:00,68685635390051.664
1981-08-16 00:00:00,314858544096068.25
1981-09-15 12:00:00,490240568421466.4
1981-10-16 00:00:00,595403333914583.5
1981-11-15 12:00:00,791905805237534.6
1981-12-16 00:00:00,1121007197583701.6
1982-01-16 00:00:00,1497742017905241.5
1982-02-14 12:00:00,1395466998470405.8
1982-03-16 00:00:00,1014787192718420.4
1982-04-15 12:00:00,796207154081887.2
1982-05-16 00:00:00,259323341687341.12
1982-06-15 12:00:00,125792301836982.08
1982-07-16 00:00:00,131695775344939.64
1982-08-16 00:00:00,352608033350478.2
1982-09-15 12:00:00,512304663283024.75
1982-10-16 00:00:00,608984918065805.0
1982-11-15 12:00:00,419197819985640.8
1982-12-16 00:00:00,227681467286506.56
1983-01-16 00:00:00,343090913480369.6
1983-02-14 12:00:00,531206700009058.5
1983-03-16 00:00:00,205474442150461.94
1983-04-15 12:00:00,152206476821713.88
1983-05-16 00:00:00,27325680218953.297
1983-06-15 12:00:00,3644526139694.947
1983-07-16 00:00:00,23725940909654.82
1983-08-16 00:00:00,95195506942126.66
1983-09-15 12:00:00,201485206962822.53
1983-10-16 00:00:00,185291157623208.62
1983-11-15 12:00:00,332891641490311.94
1983-12-16 00:00:00,494561247123965.0
1984-01-16 00:00:00,615277500587561.1
1984-02-14 12:00:00,888621292473507.2
1984-03-16 00:00:00,1066391798388735.5
1984-04-15 12:00:00,845156166217027.9
1984-05-16 00:00:00,670486109648988.2
1984-06-15 12:00:00,653585451083296.2
1984-07-16 00:00:00,852438129947988.6
1984-08-16 00:00:00,954962487901682.5
1984-09-15 12:00:00,1037092187104708.2
1984-10-16 00:00:00,1068199610731074.1
1984-11-15 12:00:00,928622789920379.2
1984-12-16 00:00:00,782841592892263.4
1985-01-16 00:00:00,790171762689694.9
1985-02-14 12:00:00,582937245924098.0
1985-03-16 00:00:00,570439880937064.8
1985-04-15 12:00:00,465974935163780.0
1985-05-16 00:00:00,383852506973938.5
1985-06-15 12:00:00,334625918442766.44
1985-07-16 00:00:00,420194197115126.5
1985-08-16 00:00:00,669101760481229.8
1985-09-15 12:00:00,858467888331657.0
1985-10-16 00:00:00,1057806901335444.8
1985-11-15 12:00:00,1390461650354729.2
1985-12-16 00:00:00,1255583250641002.5
1986-01-16 00:00:00,925967356133592.0
1986-02-14 12:00:00,1169297757031402.8
1986-03-16 00:00:00,881003607217836.5
1986-04-15 12:00:00,479805315313008.56
1986-05-16 00:00:00,142640897122296.4
1986-06-15 12:00:00,53040937997723.26
1986-07-16 00:00:00,45137460046476.72
1986-08-16 00:00:00,107660186468015.38
1986-09-15 12:00:00,307796336145671.5
1986-10-16 00:00:00,467004957439332.06
1986-11-15 12:00:00,622493145120311.8
1986-12-16 00:00:00,835750901079987.5
1987-01-16 00:00:00,832445310771694.1
1987-02-14 12:00:00,689027923824851.0
1987-03-16 00:00:00,464015891480398.5
1987-04-15 12:00:00,346916265481744.0
1987-05-16 00:00:00,213481693304977.03
1987-06-15 12:00:00,4401252883413.285
1987-07-16 00:00:00,6261354440117.557
1987-08-16 00:00:00,33177454574127.297
1987-09-15 12:00:00,92872619528128.16
1987-10-16 00:00:00,163884049483344.94
1987-11-15 12:00:00,413132949039659.2
1987-12-16 00:00:00,847357387027533.8
1988-01-16 00:00:00,1188231405332823.2
1988-02-14 12:00:00,1066933628451189.9
1988-03-16 00:00:00,705577166375850.0
1988-04-15 12:00:00,366640424062285.9
1988-05-16 00:00:00,131752041615751.53
1988-06-15 12:00:00,244141878618068.8
1988-07-16 00:00:00,421793283587690.3
1988-08-16 00:00:00,671512739136917.8
1988-09-15 12:00:00,818126505641862.6
1988-10-16 00:00:00,822019435392058.2
1988-11-15 12:00:00,937455009399174.5
1988-12-16 00:00:00,1627207369055644.5
1989-01-16 00:00:00,1338029046645455.5
1989-02-14 12:00:00,990310608712272.1
1989-03-16 00:00:00,711351470661490.0
1989-04-15 12:00:00,370553492872153.1
1989-05-16 00:00:00,126425564386765.53
1989-06-15 12:00:00,127603081781322.11
1989-07-16 00:00:00,344913325818395.5
1989-08-16 00:00:00,602498522686893.4
1989-09-15 12:00:00,924795708747607.9
1989-10-16 00:00:00,1354510310178346.5
1989-11-15 12:00:00,2097986919065456.2
1989-12-16 00:00:00,2456085974232913.5
1990-01-16 00:00:00,1545686822217298.2
1990-02-14 12:00:00,1011774731666017.8
1990-03-16 00:00:00,498181491558982.1
1990-04-15 12:00:00,165002350434464.1
1990-05-16 00:00:00,49744975008055.94
1990-06-15 12:00:00,72896677194894.02
1990-07-16 00:00:00,145551987905757.72
1990-08-16 00:00:00,273499004027502.66
1990-09-15 12:00:00,420360494148181.1
1990-10-16 00:00:00,690839003930032.4
1990-11-15 12:00:00,1074169568371695.0
1990-12-16 00:00:00,1379191340143768.8
1991-01-16 00:00:00,1166826004196968.0
1991-02-14 12:00:00,1243907897080406.0
1991-03-16 00:00:00,1110598910328841.2
1991-04-15 12:00:00,710957194893618.2
1991-05-16 00:00:00,157555755641613.25
1991-06-15 12:00:00,37832946100146.36
1991-07-16 00:00:00,102869193982559.06
1991-08-16 00:00:00,197078708701894.66
1991-09-15 12:00:00,267040795545275.4
1991-10-16 00:00:00,466504158201166.75
1991-11-15 12:00:00,798281839943308.5
1991-12-16 00:00:00,950375278761960.9
1992-01-16 00:00:00,1238293019195373.2
1992-02-14 12:00:00,969399400861148.2
1992-03-16 00:00:00,649338957229848.2
1992-04-15 12:00:00,566615037032164.8
1992-05-16 00:00:00,199197582931860.4
1992-06-15 12:00:00,64749662964712.42
1992-07-16 00:00:00,228080713246261.3
1992-08-16 00:00:00,486829220857539.3
1992-09-15 12:00:00,634915232858594.0
1992-10-16 00:00:00,868810065033164.1
1992-11-15 12:00:00,1232917366761116.0
1992-12-16 00:00:00,1441046666692027.0
1993-01-16 00:00:00,1558809140396367.5
1993-02-14 12:00:00,1276931396868402.8
1993-03-16 00:00:00,875986608285066.4
1993-04-15 12:00:00,637681913062270.4
1993-05-16 00:00:00,235839731335902.94
1993-06-15 12:00:00,111361862740882.7
1993-07-16 00:00:00,240359868648907.62
1993-08-16 00:00:00,401504478443802.0
1993-09-15 12:00:00,546678262900911.75
1993-10-16 00:00:00,727039823926606.2
1993-11-15 12:00:00,806986285367855.2
1993-12-16 00:00:00,1028592868618424.2
1994-01-16 00:00:00,887621278328870.0
1994-02-14 12:00:00,519233917690955.2
1994-03-16 00:00:00,409249940754921.1
1994-04-15 12:00:00,193225811409276.3
1994-05-16 00:00:00,115347472327143.3
1994-06-15 12:00:00,223240297945577.2
1994-07-16 00:00:00,427694572839810.9
1994-08-16 00:00:00,663077889279271.1
1994-09-15 12:00:00,783874793130159.2
1994-10-16 00:00:00,831652832437462.0
1994-11-15 12:00:00,725964215244789.6
1994-12-16 00:00:00,391206573224564.5
1995-01-16 00:00:00,389313213050116.06
1995-02-14 12:00:00,181288174092114.53
1995-03-16 00:00:00,136354693440961.38
1995-04-15 12:00:00,10386901681911.809
1995-05-16 00:00:00,14662274607025.555
1995-06-15 12:00:00,14761588248129.049
1995-07-16 00:00:00,86364495156933.25
1995-08-16 00:00:00,253961892252644.9
1995-09-15 12:00:00,425540064753706.5
1995-10-16 00:00:00,689276103231179.1
1995-11-15 12:00:00,1155825288424752.2
1995-12-16 00:00:00,1765721385484729.8
1996-01-16 00:00:00,2110027790391021.8
1996-02-14 12:00:00,1623472036491159.2
1996-03-16 00:00:00,1220873174935971.5
1996-04-15 12:00:00,753149925577014.8
1996-05-16 00:00:00,270979862002971.5
1996-06-15 12:00:00,170750037376507.62
1996-07-16 00:00:00,259153249681241.4
1996-08-16 00:00:00,392457136630005.8
1996-09-15 12:00:00,564405802173620.2
1996-10-16 00:00:00,749426675613637.5
1996-11-15 12:00:00,1273728086547603.2
1996-12-16 00:00:00,1990327415695840.0
1997-01-16 00:00:00,2609005276513871.5
1997-02-14 12:00:00,2266349340047833.0
1997-03-16 00:00:00,1575672613452224.2
1997-04-15 12:00:00,1023218843061284.9
1997-05-16 00:00:00,330861325714007.06
1997-06-15 12:00:00,155005928606851.78
1997-07-16 00:00:00,328382454261915.3
1997-08-16 00:00:00,509873002903038.4
1997-09-15 12:00:00,601809040802017.8
1997-10-16 00:00:00,568354136523083.8
1997-11-15 12:00:00,569605807250683.5
1997-12-16 00:00:00,1005998719391990.9
1998-01-16 00:00:00,2092230387575589.5
1998-02-14 12:00:00,2580601225656373.0
1998-03-16 00:00:00,1685631064183023.8
1998-04-15 12:00:00,311458132753097.44
1998-05-16 00:00:00,41471482205356.51
1998-06-15 12:00:00,33977530272252.28
1998-07-16 00:00:00,94260736655027.86
1998-08-16 00:00:00,217175740841754.44
1998-09-15 12:00:00,411352740984645.1
1998-10-16 00:00:00,842801780879238.4
1998-11-15 12:00:00,1617384528497486.0
1998-12-16 00:00:00,2804618131025716.0
1999-01-16 00:00:00,3683927220241667.0
1999-02-14 12:00:00,3520401994528124.0
1999-03-16 00:00:00,2762325056989447.0
1999-04-15 12:00:00,1737545657764825.5
1999-05-16 00:00:00,1378174876969516.0
1999-06-15 12:00:00,1307597153760763.8
1999-07-16 00:00:00,1586208870618628.5
1999-08-16 00:00:00,1689919453245838.8
1999-09-15 12:00:00,1715006015038749.2
1999-10-16 00:00:00,1650410227137968.0
1999-11-15 12:00:00,1712312117626684.0
1999-12-16 00:00:00,1427131353126905.0
2000-01-16 00:00:00,1031044256887609.8
2000-02-14 12:00:00,887422299136462.0
2000-03-16 00:00:00,787452282601414.2
2000-04-15 12:00:00,719154359299059.0
2000-05-16 00:00:00,572181370807945.0
2000-06-15 12:00:00,580077830036154.0
2000-07-16 00:00:00,753677547876419.4
2000-08-16 00:00:00,851186107428039.0
2000-09-15 12:00:00,1119543644754729.5
2000-10-16 00:00:00,1411538777536007.0
2000-11-15 12:00:00,1122950343450255.0
2000-12-16 00:00:00,917170427220676.2
2001-01-16 00:00:00,773131251096992.1
2001-02-14 12:00:00,769402186969760.8
2001-03-16 00:00:00,767597646233558.6
2001-04-15 12:00:00,551836473377031.75
2001-05-16 00:00:00,430067473398159.5
2001-06-15 12:00:00,343159529486246.1
2001-07-16 00:00:00,430860471402728.56
2001-08-16 00:00:00,611444863588033.1
2001-09-15 12:00:00,827326508823345.4
2001-10-16 00:00:00,986013353515891.4
2001-11-15 12:00:00,1185399079176587.8
2001-12-16 00:00:00,1489111647392402.8
2002-01-16 00:00:00,1179503090872030.0
2002-02-14 12:00:00,909595093025781.5
2002-03-16 00:00:00,616481208151604.9
2002-04-15 12:00:00,331967959825791.1
2002-05-16 00:00:00,179580435260385.47
2002-06-15 12:00:00,150428722118255.38
2002-07-16 00:00:00,156096333123869.56
2002-08-16 00:00:00,308013866297356.6
2002-09-15 12:00:00,507027816970529.6
2002-10-16 00:00:00,781280423907314.8
2002-11-15 12:00:00,1171718046136972.5
2002-12-16 00:00:00,1608006337530449.0
2003-01-16 00:00:00,1434012653362260.5
2003-02-14 12:00:00,810136655462974.5
2003-03-16 00:00:00,457288395522280.1
2003-04-15 12:00:00,344777890461990.4
2003-05-16 00:00:00,100526894346870.23
2003-06-15 12:00:00,59928012309748.164
2003-07-16 00:00:00,130963777458636.73
2003-08-16 00:00:00,120646545611798.89
2003-09-15 12:00:00,179214355277396.97
2003-10-16 00:00:00,399446411290850.6
2003-11-15 12:00:00,827272600478567.2
2003-12-16 00:00:00,1199168527334388.2
2004-01-16 00:00:00,1434320976795970.2
2004-02-14 12:00:00,1256444876049581.0
2004-03-16 00:00:00,758040521561829.5
2004-04-15 12:00:00,450430773186690.6
2004-05-16 00:00:00,199017286776478.53
2004-06-15 12:00:00,223251519485127.0
2004-07-16 00:00:00,355427197832253.3
2004-08-16 00:00:00,654823602481659.0
2004-09-15 12:00:00,849006134015755.5
2004-10-16 00:00:00,1383348950070097.0
2004-11-15 12:00:00,2135094422474331.5
2004-12-16 00:00:00,1510487163092432.2
2005-01-16 00:00:00,745904807022681.5
2005-02-14 12:00:00,538164752983507.75
2005-03-16 00:00:00,482914297438749.5
2005-04-15 12:00:00,288509454244285.94
2005-05-16 00:00:00,120230165359762.78
2005-06-15 12:00:00,42616382849299.54
2005-07-16 00:00:00,147298025555759.84
2005-08-16 00:00:00,377775328815941.6
2005-09-15 12:00:00,551582584762607.4
2005-10-16 00:00:00,776577638616608.4
2005-11-15 12:00:00,1024194542373748.2
2005-12-16 00:00:00,1164022316852386.5
2006-01-16 00:00:00,1628504916062255.0
2006-02-14 12:00:00,1992458403917012.2
2006-03-16 00:00:00,1425067663957178.2
2006-04-15 12:00:00,891593209932575.6
2006-05-16 00:00:00,546140780775148.6
2006-06-15 12:00:00,365957846717365.0
2006-07-16 00:00:00,310419466279706.1
2006-08-16 00:00:00,464425488971747.6
2006-09-15 12:00:00,649536506441800.5
2006-10-16 00:00:00,798067480377793.4
2006-11-15 12:00:00,582292178042323.1
2006-12-16 00:00:00,256395891709291.5
2007-01-16 00:00:00,793955286545392.6
2007-02-14 12:00:00,473872885154265.0
2007-03-16 00:00:00,156525230215031.75
2007-04-15 12:00:00,120239377142795.62
2007-05-16 00:00:00,19862047323323.984
2007-06-15 12:00:00,5270782947409.741
2007-07-16 00:00:00,24439890702143.184
2007-08-16 00:00:00,75849538108775.66
2007-09-15 12:00:00,231160299524144.1
2007-10-16 00:00:00,433751746266701.8
2007-11-15 12:00:00,702733266638801.5
2007-12-16 00:00:00,781187048255657.2
2008-01-16 00:00:00,1067125669316662.8
2008-02-14 12:00:00,1031415154771151.8
2008-03-16 00:00:00,904345772279626.2
2008-04-15 12:00:00,877022605553020.6
2008-05-16 00:00:00,797185686253467.2
2008-06-15 12:00:00,786699224371542.5
2008-07-16 00:00:00,647768257412651.9
2008-08-16 00:00:00,558835002419336.4
2008-09-15 12:00:00,439010915038502.5
2008-10-16 00:00:00,614605471303913.4
2008-11-15 12:00:00,816927977474125.9
2008-12-16 00:00:00,795847213274128.0
2009-01-16 00:00:00,858032892895220.4
2009-02-14 12:00:00,764543211761675.0
2009-03-16 00:00:00,659477342011435.2
2009-04-15 12:00:00,501508320514669.1
2009-05-16 00:00:00,213938478076650.03
2009-06-15 12:00:00,97124800549278.84
2009-07-16 00:00:00,196247394622976.2
2009-08-16 00:00:00,425786174602222.06
2009-09-15 12:00:00,573197466270188.5
2009-10-16 00:00:00,823258852880958.0
2009-11-15 12:00:00,1115034911458347.9
2009-12-16 00:00:00,1165203651221366.0
2010-01-16 00:00:00,671898392526870.8
2010-02-14 12:00:00,583888878397930.8
2010-03-16 00:00:00,366015297783594.5
2010-04-15 12:00:00,267037994510309.22
2010-05-16 00:00:00,40133194594320.75
2010-06-15 12:00:00,15571093620433.262
2010-07-16 00:00:00,64225540244337.44
2010-08-16 00:00:00,168885088601747.03
2010-09-15 12:00:00,306754548650213.3
2010-10-16 00:00:00,529150676642162.2
2010-11-15 12:00:00,950639960102419.0
2010-12-16 00:00:00,1445427301645424.0
2011-01-16 00:00:00,1948747039511523.0
2011-02-14 12:00:00,2643422825666063.5
2011-03-16 00:00:00,2629448539144258.5
2011-04-15 12:00:00,1611489966024405.5
2011-05-16 00:00:00,1012152799457117.2
2011-06-15 12:00:00,960786207463876.0
2011-07-16 00:00:00,1059749074716645.0
2011-08-16 00:00:00,1142886338650798.0
2011-09-15 12:00:00,1271419380273385.0
2011-10-16 00:00:00,1170089959565261.8
2011-11-15 12:00:00,533221590286727.4
2011-12-16 00:00:00,309895648548399.25
2012-01-16 00:00:00,289888073368629.44
2012-02-14 12:00:00,206940707755808.44
2012-03-16 00:00:00,177407268799585.62
2012-04-15 12:00:00,229194545568548.94
2012-05-16 00:00:00,154885500769844.78
2012-06-15 12:00:00,84478214356366.72
2012-07-16 00:00:00,173230048639241.03
2012-08-16 00:00:00,452775017091832.94
2012-09-15 12:00:00,692673957258781.5
2012-10-16 00:00:00,769897102851350.0
2012-11-15 12:00:00,1038734233016116.0
2012-12-16 00:00:00,1090644187437143.2
2013-01-16 00:00:00,800924986774284.4
2013-02-14 12:00:00,872684519261359.0
2013-03-16 00:00:00,714623045028210.8
2013-04-15 12:00:00,510906333538847.1
2013-05-16 00:00:00,291858871396568.9
2013-06-15 12:00:00,93138212347151.67
2013-07-16 00:00:00,283645523956089.8
2013-08-16 00:00:00,543148416479096.5
2013-09-15 12:00:00,805873987184656.2
2013-10-16 00:00:00,1330511974297529.5
2013-11-15 12:00:00,1872890223331459.0
2013-12-16 00:00:00,1483758267742144.0
2014-01-16 00:00:00,1434782791933817.0
2014-02-14 12:00:00,1158942193108655.8
2014-03-16 00:00:00,863300524603481.8
2014-04-15 12:00:00,475306593512000.5
2014-05-16 00:00:00,260913093357103.78
2014-06-15 12:00:00,115032665667034.33
2014-07-16 00:00:00,164556775619772.22
2014-08-16 00:00:00,355859782912388.8
2014-09-15 12:00:00,582162222988921.6
2014-10-16 00:00:00,939257537988946.1
2014-11-15 12:00:00,1568295338537564.0
2014-12-16 00:00:00,1796964081830980.0
2015-01-16 00:00:00,1846874207227476.5
2015-02-14 12:00:00,1773916621957255.0
2015-03-16 00:00:00,1394585502159584.5
2015-04-15 12:00:00,620235453030157.9
2015-05-16 00:00:00,246200234099454.56
2015-06-15 12:00:00,56821892116584.65
2015-07-16 00:00:00,25288044681778.695
2015-08-16 00:00:00,124075981512402.9
2015-09-15 12:00:00,293708847132425.44
2015-10-16 00:00:00,405622316076532.9
2015-11-15 12:00:00,325879761960289.06
2015-12-16 00:00:00,351532588482556.3
2016-01-16 00:00:00,424561258071478.5
2016-02-14 12:00:00,207743048813928.16
2016-03-16 00:00:00,183647401681643.2
2016-04-15 12:00:00,125651175001133.62
2016-05-16 00:00:00,38016563068639.26
2016-06-15 12:00:00,44835558006915.67
2016-07-16 00:00:00,158824299836647.94
2016-08-16 00:00:00,363524304808118.94
2016-09-15 12:00:00,594066072650501.5
2016-10-16 00:00:00,1034716829629869.0
2016-11-15 12:00:00,1706870939727237.0
2016-12-16 00:00:00,2210112986041570.5
2017-01-16 00:00:00,2149038227331729.0
2017-02-14 12:00:00,2542415599809373.0
2017-03-16 00:00:00,2263611553771573.0
2017-04-15 12:00:00,1719148854276038.2
2017-05-16 00:00:00,1045948052190085.8
2017-06-15 12:00:00,590565790287186.5
2017-07-16 00:00:00,506522464420600.6
2017-08-16 00:00:00,509805760432260.7
2017-09-15 12:00:00,580356054642306.2
2017-10-16 00:00:00,804149901640377.6
2017-11-15 12:00:00,1356441568269973.0
2017-12-16 00:00:00,1700184627018187.8
2018-01-16 00:00:00,1315911491880866.0
2018-02-14 12:00:00,1242411798315217.5
2018-03-16 00:00:00,854611390040614.8
2018-04-15 12:00:00,425591385115642.5
2018-05-16 00:00:00,134784284428866.44
2018-06-15 12:00:00,75104422698175.33
2018-07-16 00:00:00,147421494082194.5
2018-08-16 00:00:00,327584141098549.2
2018-09-15 12:00:00,572913883330111.2
2018-10-16 00:00:00,834313613076201.0
2018-11-15 12:00:00,1411735587860696.0
2018-12-16 00:00:00,1041079052518886.6
