"","Atoll_Island","NitrogenInput.Current","NitrogenInput.high.nn","NitrogenInput.low.nn","coralgrowth.current","coralgrowth.current.low","coralgrowth.current.high","coralgrowth.bveg","coralgrowth.bveg.low","coralgrowth.bveg.high","coralgrowth.gveg","coralgrowth.gveg.low","coralgrowth.gveg.high","fishbiomass.current","fishbiomass.current.low","fishbiomass.current.high","fishbiomass.bveg","fishbiomass.bveg.low","fishbiomass.bveg.high","fishbiomass.gveg","fishbiomass.gveg.low","fishbiomass.gveg.high","grazing.current","grazing.current.low","grazing.current.high","grazing.bveg","grazing.bveg.low","grazing.bveg.high","grazing.gveg","grazing.gveg.low","grazing.gveg.high","erosion.current","erosion.current.low","erosion.current.high","erosion.bveg","erosion.bveg.low","erosion.bveg.high","erosion.gveg","erosion.gveg.low","erosion.gveg.high"
"2","Diego_Garcia_East_Island",240.702056356291,240.702056356291,240.702056356291,4.75369551359023,2.67143397763043,6.8529181701857,4.71956821208956,2.54880966713889,6.78981542363645,4.74729457005729,2.57793757074783,6.8610464190912,6.47199674174757,4.94905365834375,7.97458497139746,6.48878004472566,4.91303560550087,7.98697384413141,6.48217199692951,4.93485978358332,8.00954206815653,2.39553816712707,0.0796896994660823,4.76220161976011,2.37562424950056,0.042055893536607,4.73681611024846,2.37343993708564,0.127227066011723,4.64497336336237,3.97537388345482,0.0418130544653493,8.05101581776704,4.02355268793984,0.00223105066903234,8.0501835910514,4.04374114052269,0.0730688582248805,7.93013615686182
"3","Diego_Garcia_Middle_Island",168.384421809455,168.384421809455,168.384421809455,4.72417116086503,2.59231184596951,6.82756804454458,4.71632442085786,2.6401439128598,6.7635919466676,4.70292780359348,2.55644377308163,6.75386241334511,6.45585735642713,4.8787855313737,7.94907415632097,6.45851329409983,4.91106034290273,7.96153429351465,6.46508345396384,4.94464478457808,7.93884345901261,2.33818375609712,0.0224383762055767,4.64558998473986,2.35757299105378,0.091257854774808,4.6321249169375,2.34861153098018,-0.0287607814897646,4.67887425002501,3.97943247318945,0.0501911304032739,7.80946719192329,3.98485135145109,0.099723987557014,7.97153579123592,3.96856612164236,-0.109646140494376,7.98895945658327
"4","Diego_Garcia_West_Island",240.128467334512,240.128467334512,240.128467334512,4.74374685085877,2.58233258638015,6.8476157651321,4.74504490007009,2.59133648625304,6.82378857208101,4.74917634284345,2.67969011764285,6.85914710986426,6.48566763118815,4.91642828379901,7.96170305799387,6.47742371379654,4.9323439991936,7.96457005216695,6.48012533592458,4.95326274149666,7.96445787999605,2.37838334135371,0.125860477446294,4.67967755425682,2.37630916800536,0.0474121708236258,4.70913087260099,2.36163786572849,0.0774599828886476,4.68081915347872,4.02703132128241,0.0519606945927068,8.03420438750462,4.0005273218161,-0.0401744983048155,7.94250081055764,4.02644807088476,-0.00873632090344954,7.97951038745815
"5","Great_Chagos_Bank_Danger",92.8586559497578,92.8586559497578,92.8586559497578,4.66252778748284,2.59761861049979,6.73248076455522,4.66820585831142,2.59927710679904,6.74094802725099,4.6731408844297,2.52178546063742,6.72926715468654,6.43848359844925,4.92359547853784,7.921000824032,6.43217128719753,4.91962258807399,7.93515636809104,6.41258801794633,4.89394908608796,7.92388444722914,2.2381650817158,-0.0204420383935688,4.48436190357044,2.26967639586497,-0.0766241824336172,4.57510629787375,2.24758811584554,-0.0449905439062539,4.47947923747065,3.85156051809286,-0.186646145676492,7.82859936152069,3.86430967244667,-0.213374416437402,7.93878692741001,3.84523265904741,-0.153776330490708,7.86205860783382
"6","Great_Chagos_Bank_Eagle_Island",0.117055530302933,6.12425198066793,20.0043732567491,4.10399096950728,2.00119634433437,6.1957858543941,4.41752903079371,2.39070750526497,6.38076432587041,4.51546909204797,2.50874811852493,6.46189319502654,6.02181695185726,4.4433707201911,7.52495591611729,6.26578816150155,4.70959218104504,7.71959340049563,6.34291732369367,4.80205391315031,7.80863332563591,1.36803059305021,-0.982313746362271,3.66347672011262,1.87720220841431,-0.341042402411343,4.07747799128429,2.03939240747428,-0.269719249279508,4.2800065992019,2.72780988307529,-1.41011267486794,6.71571254946213,3.38245696355487,-0.575402701587348,7.25896805460466,3.58848721569863,-0.520592001114154,7.45063599305596
"7","Great_Chagos_Bank_Middle_Brother",664.616727879606,664.616727879606,664.616727879606,4.80201391916672,2.5816430333148,7.01049629942991,4.8254247352066,2.69160885941702,6.98708446296278,4.82732276759889,2.65496862286961,6.95635574475601,6.58297410289258,5.23065350049352,7.98438915826724,6.58323562615982,5.19607191536855,7.9657516572498,6.57498561320561,5.16259076948593,7.96711569828299,2.35136297797137,0.0906047540325504,4.66003759160576,2.3578952082151,0.10555213230278,4.67285572300984,2.33626774230002,0.0963872951384024,4.58671891163536,4.29316183679588,0.396049641295808,8.18890894435171,4.3087174701005,0.418226984588674,8.12570570824476,4.30018849910784,0.529896908286356,8.19912147831085
"8","Great_Chagos_Bank_Nelson's_Island",92.1293124527443,92.1293124527443,92.1293124527443,4.65706572058609,2.5308914207686,6.67536939162782,4.66148433328452,2.59523003511446,6.72729307593688,4.65254514678533,2.53988641037727,6.73920720438538,6.4296462893378,4.9127916067204,7.8670646399809,6.42190967631896,4.89604119081058,7.92791435885943,6.42761860731846,4.92538933544946,7.92160613145811,2.25191045671773,-0.0644966387306585,4.53491463736446,2.22826452650494,-0.0670980962900711,4.49024524496841,2.21825937887538,-0.0769143728285987,4.50360804245518,3.85216966417616,-0.00659082126316528,7.77731660291656,3.87606710370515,-0.210247675053452,7.93395342587339,3.85242564405914,-0.117946223818618,7.84605617730956
"9","Great_Chagos_Bank_North_Brother",1001.48288895996,1001.48288895996,1001.48288895996,4.88518593465374,2.69156252535908,7.08133575181992,4.86456888644333,2.67501014815362,7.1100495479353,4.85591480619531,2.7104249768951,7.01339885649972,6.56617224944824,5.01026229599681,8.1171916602439,6.57684068268696,4.96553245790503,8.12181046611554,6.56359953975668,4.9349222717847,8.13885984061654,2.5702633189616,0.221706876598635,4.92210898242204,2.5857114416904,0.214523097362134,4.91326777109142,2.56102248622085,0.152715118955174,4.94824928076652,4.27798136357191,0.118177552548147,8.43047027907846,4.25895468011489,0.169328755987377,8.45530924733864,4.26656394026995,0.0995843423252876,8.33695331480253
"10","Great_Chagos_Bank_Resurgent",563.597410464026,563.597410464026,563.597410464026,4.8193816234651,2.62531567587297,6.98598036834425,4.80255661969346,2.61948909714558,6.91511148532314,4.81611904915647,2.70303251579683,6.96160187419473,6.5473284645838,5.00995308083076,8.06525023964549,6.54313232137744,4.97251882744599,8.10188915736931,6.54672873210766,4.96688196646059,8.08869244779424,2.50110371883918,0.131320644153821,4.85544887217708,2.51875879839485,0.229423360613674,4.86166387280043,2.51796925542456,0.197426113098931,4.89574063794343,4.14057011846351,-0.00529536060866522,8.2149245092031,4.20700005099264,0.14743798405136,8.30420331080366,4.18841040129958,0.0725158837830088,8.23229164921598
"11","Great_Chagos_Bank_Sea_Cow",136.833921808091,136.833921808091,136.833921808091,4.69414062663613,2.61234792014665,6.79274573392049,4.68758882039184,2.61169644073018,6.70653396781436,4.70303385509273,2.5802166415334,6.74246393810625,6.44621612262953,4.89899369663697,7.92976987897442,6.46612609743182,4.939990333454,7.94749893748417,6.43934085741546,4.84870655808586,7.92301386012936,2.28899858184498,-0.0330863534761606,4.64209627102698,2.30916095274419,0.0320321333261704,4.55818970481734,2.30835571518474,-0.0161459027366862,4.63432675370007,3.95118876609167,-0.13015667714102,7.97905927540837,3.92893130207261,-0.126897650282623,7.85931886852264,3.94395792730205,0.00782417227810222,8.01256035195655
"12","Great_Chagos_Bank_South_Brother",135.392590137958,135.392590137958,135.392590137958,4.68642090943306,2.57582193785609,6.78166213248116,4.70594293378107,2.57118410432154,6.8286946070026,4.68624810603101,2.59376070903083,6.80246466091958,6.15289535053529,4.81112730190022,7.52244625697132,6.16108644464054,4.77113660430359,7.59768666721657,6.14593310719413,4.77228960257664,7.56252183427971,2.05500025517741,-0.194842462981477,4.33729845798273,2.0440431625974,-0.205983423556248,4.28104667696183,2.03908190851921,-0.223720257192246,4.25153943949046,3.18426420125716,-0.614317945232029,7.05364183069943,3.18618555856791,-0.73355226990912,7.13670936096257,3.15437544278117,-0.665762229023666,7.16481248798574
"13","Peros_Banhos_Anglaise",0.59380682376399,0.59380682376399,0.59380682376399,4.25009096997209,2.22860479713077,6.29047863653156,4.25455800011902,2.21856371133447,6.26971164157575,4.25286458305948,2.21405123940726,6.22656129000813,6.10866246183128,4.57684353818352,7.58257224832605,6.12195909683723,4.59096063306569,7.60924296231257,6.10742653969037,4.54753391975179,7.6457887565479,1.60137949080596,-0.669100799520045,3.878583817395,1.57834290388492,-0.669731139856999,3.88584378752851,1.58438852801348,-0.700147976167926,3.84930926362509,3.01265078930494,-0.93941778769048,6.95710343024144,3.01454379202185,-1.09456049337075,6.99624883504888,3.043112839635,-0.814217907749947,7.10082562271628
"14","Peros_Banhos_Coin",0.0651160501476595,15.5875912802824,51.0582595770053,4.04815033651645,1.91414634124226,6.16960016761618,4.51336414417472,2.47903021085877,6.5176678419038,4.6418633989218,2.61333612948001,6.6682649345656,6.00523771316991,4.42764565023688,7.52239242448039,6.32790394706331,4.8384872020235,7.76889996660925,6.4023855932921,4.87249009669657,7.92099534324237,1.30598141537451,-1.07468707843601,3.65688322777484,2.00221638930315,-0.285003054538871,4.26092349593815,2.15569165921478,-0.135691833756533,4.40240288198842,2.64362371377578,-1.43932846843209,6.7179772736275,3.53043729227638,-0.480181554262847,7.4121879800478,3.78334791983635,-0.128892414251476,7.64446473578099
"15","Peros_Banhos_Coin_de_Mire",98.1368757327104,98.1368757327104,98.1368757327104,4.67901236209977,2.67418646344784,6.68191662798206,4.6774272387673,2.55772498169724,6.71637383453726,4.68669087014069,2.60785745906245,6.78346586680946,6.43146764935893,4.86465952269524,7.89929045931274,6.44107117015929,4.91693260117817,7.91555897186364,6.44117190254061,4.92407323076781,7.91265108061144,2.24822351973888,-0.0653865853395417,4.54579432816508,2.25447013714289,-0.0847130552969762,4.6001586554784,2.26855249714918,0.013600913548185,4.55394182440037,3.84844666463134,-0.113026870913412,7.7938387025089,3.85835968628751,-0.273440455579958,7.9691731190661,3.83574561099218,-0.201135632473559,7.83234835188235
"16","Peros_Banhos_Diamant",0.297566544580291,23.1917924790577,76.0061380394117,4.20185587916073,2.16395129033604,6.27741321392474,4.54293885493696,2.52084684258567,6.54658343171683,4.65865420360083,2.64820168012998,6.7238844942343,6.08721379008558,4.54593326628621,7.58590859672477,6.36558373917981,4.87302859286315,7.83435839344478,6.40895269843383,4.86295764348447,7.91308069665014,1.48081147715655,-0.790912692888044,3.7436561096254,2.08428535612826,-0.17767269764288,4.37919582062209,2.21490195650934,-0.0667466598461404,4.50142305376688,2.84096123230359,-1.25063627713907,6.90642706446696,3.61155880953298,-0.400538209796062,7.55791102136881,3.83035358364423,-0.204566016720749,7.74924656533896
"17","Peros_Banhos_Finon",0.356284094258393,0.356284094258393,0.356284094258393,4.20644850303229,2.16880192106341,6.21590469259308,4.19923951772273,2.15240640230582,6.19660947937588,4.22639830201987,2.10021209257876,6.25858080866512,6.10393851937406,4.5389977851588,7.57982452300226,6.09481128328371,4.55840220661855,7.6123817183145,6.0905489032337,4.55352757913816,7.55782437279783,1.52974860349481,-0.79975112203282,3.85287016872408,1.51069238150088,-0.79837790184211,3.78772328142284,1.54557081290326,-0.754692529933098,3.87844583711273,2.93213983301234,-1.00562377698889,6.8963592299176,2.89810341234464,-1.09639292180549,6.81646868854256,2.8803795899061,-1.0528824005534,6.85509733463531
"18","Peros_Banhos_Fouquet",0.73917528136215,485.6869756936,1593.30541428489,4.25140503597771,2.21303032750505,6.29805565453103,4.82532597927827,2.66826588953263,6.95110639479214,4.91554163138091,2.70517564156734,7.12197986372841,6.14792547201065,4.60910633738457,7.60285222354861,6.53818312489686,4.98506142628969,8.03543253243618,6.60264569705463,4.98187509246011,8.16549568832034,1.61972721075052,-0.665909078852585,3.94103283513753,2.48013829404795,0.156210767772738,4.81556104788275,2.62678234694916,0.263168916248385,4.97152030188128,3.06911667476209,-0.819731465040816,6.99414935271062,4.12029462248516,0.0138774239798714,8.08711166290493,4.29077884188708,0.179631043361614,8.49460997659892
"19","Peros_Banhos_Grand_Bois_Mangue",28.2779148329929,28.2779148329929,28.2779148329929,4.56929901845746,2.5519746040249,6.64023972374088,4.56110568006289,2.50253374608074,6.60114246048942,4.56919130549499,2.49633464666108,6.60022540451593,6.35873441618443,4.83603889078594,7.80366329180304,6.3445491846505,4.80036767712827,7.79988852845169,6.37559800918925,4.8505229213196,7.87324314216198,2.08521164924029,-0.174906608915169,4.35949475936305,2.09765830295036,-0.122854272133311,4.3338106271952,2.08464151264031,-0.143351644762473,4.3475377714501,3.62324269092036,-0.313907612963635,7.55746366868255,3.61069471425453,-0.296619139068864,7.51337824702152,3.67995705489638,-0.289682190533925,7.57203959488328
"20","Peros_Banhos_Grand_Coquillage",367.481792297478,367.481792297478,367.481792297478,4.77174586187641,2.67394592215927,6.93963470706601,4.76231122972011,2.62433950468902,6.93923932424627,4.77614693965414,2.67408247355839,6.95454350735884,6.51831075649711,4.94545811965549,8.01686589887473,6.52075346822321,4.95753091105692,8.02449037389067,6.50518837342316,4.95307865277162,8.02693962057155,2.43668479951344,0.132725925194779,4.75433548764096,2.43202925062753,0.123065972465961,4.75494503840744,2.43344758906244,0.0827775891539849,4.76422091612134,4.07667604010239,0.031277595408908,8.04681788063326,4.07579084302806,0.0228686298250566,8.23891727890148,4.04763469755171,-0.147535500577107,8.05269134233909
"21","Peros_Banhos_Grand_Souer",0.132211771827457,30.4847536007522,98.3833652395453,4.12639599992695,2.00591414144422,6.2407359449603,4.58096678463524,2.58606798920345,6.58906957327308,4.66535227192182,2.58857613816881,6.73432499533031,6.02937833055428,4.46762525474676,7.56383554140594,6.38668642237588,4.90622649889849,7.80640844830569,6.42357816464265,4.84543050358858,7.95041860004709,1.39413259444919,-0.981597310282789,3.71775299176511,2.09433127316426,-0.13985785533337,4.38820551578064,2.24659000663599,-0.0497854643388721,4.50030280005329,2.69862867484357,-1.43005693943005,6.89772891045312,3.66659403666007,-0.283223403934818,7.60157216592958,3.90251367638114,-0.0255201552074649,7.76986410265125
"22","Peros_Banhos_Grande_Mapou",1.08082374336462,77.5141885351532,256.553612780069,4.30777201080548,2.26347598165235,6.33064521939768,4.65933433465722,2.53499521095517,6.72041969758048,4.74732857999598,2.61567664824146,6.89756411022229,6.15653291179685,4.67615219502105,7.66873853304912,6.4188052209427,4.88307054648135,7.90991223390978,6.49940964292846,5.00601112303639,7.98445423267593,1.65018514513624,-0.644607731020227,3.96045384308307,2.20847941832533,-0.0434735330129937,4.45533271454619,2.40630791732301,0.154145159520145,4.73119449138257,3.09197489898489,-0.932608550755246,6.97900935927315,3.82553462325326,-0.159347626936229,7.68858533053743,4.06942325266047,-0.0340447855808543,8.101854492353
"23","Peros_Banhos_Longue",338.075568048454,338.075568048454,338.075568048454,4.7710968007326,2.64860162411236,6.88786704540267,4.78309574988927,2.65795376075441,6.90397100354948,4.78827782256858,2.61707205923297,6.95655858435981,6.51880393456105,4.98264147584664,8.02638423338662,6.51964222872558,4.96865054644326,8.01241411537268,6.51587120653488,4.93204012704562,8.03539418702867,2.40040266499105,0.0838461916811028,4.7418839839509,2.42112316770241,0.120092546114675,4.72868038804538,2.42424015729358,0.135362753406937,4.78504447726097,4.10440778993216,0.142022417127298,8.06604413123539,4.12254795595138,0.0668831956079693,8.17112799907703,4.06247537420221,-0.0733526450878009,8.0727751474433
"24","Peros_Banhos_Manoel",0.222655079651201,0.222655079651201,0.222655079651201,4.15359617269533,2.0847416897399,6.16143860252814,4.14872096229715,2.0794707985645,6.19207147708027,4.17922520313029,2.11315866752433,6.21462233827803,6.07014078009429,4.5382384338004,7.56478117038807,6.06437919948809,4.51741663324546,7.57430979409453,6.0582832609601,4.52594883480162,7.54213662616872,1.46823707978344,-0.868273964275659,3.79790644049596,1.45996434032537,-0.843661980665313,3.76393514594098,1.46542822996482,-0.804708518364384,3.77262756091592,2.84648276426682,-1.18201990342835,6.88152728443931,2.83276532365883,-1.24967676080573,6.80079525940415,2.7996516340937,-1.29722945722768,6.82305142518704
"25","Peros_Banhos_Manon",4.80870221986086,4.80870221986086,4.80870221986086,4.41089507900931,2.44712355998418,6.40976660298392,4.39501649415132,2.37225000351178,6.41334898030876,4.40123546631456,2.36348944556027,6.41821398532199,6.24359552164358,4.66450842567456,7.72694555184585,6.25292330127458,4.72391114634591,7.73584203957088,6.25705224891857,4.74992634450934,7.73282950393996,1.86305674484626,-0.357531312607684,4.0517527827332,1.86828320641728,-0.382340954834854,4.15024319799728,1.85744502901127,-0.345986419709645,4.12735673475249,3.34584969893926,-0.533718030528727,7.32061205927468,3.36729615367373,-0.512565783158594,7.31175791385275,3.3784836522878,-0.472973452287566,7.28839664849469
"26","Peros_Banhos_Mapou_de_Coin",0.890710235645984,487.14349966874,1610.54813342053,4.28905305076876,2.24082403612554,6.3369471342838,4.79717538739346,2.65749438574086,6.96861718930666,4.9118640865152,2.66605551342788,7.14787266662966,6.14723255575906,4.60142684913823,7.63061445783111,6.51291258392702,4.96695758268341,8.02230325081524,6.59904241965973,5.0039304380003,8.18502085745641,1.63387908427437,-0.658058275524512,3.9283745751104,2.48129926998238,0.164725433896933,4.80166486329715,2.62930256116968,0.304128438501438,5.01174838700546,3.092332108306,-0.891560406300856,7.04679677580533,4.15824306435692,0.0782867847274345,8.20602460264502,4.34658859087309,0.19755857931281,8.51037519766225
"27","Peros_Banhos_Monpatre_complex",0.912395907871838,254.586623636534,842.586705784328,4.28420805761009,2.24149701381002,6.27245883523654,4.75669794286379,2.60508308182387,6.83449594108453,4.86141680758551,2.70186748259509,7.01054453430385,6.15523981078683,4.66432706598856,7.62692786285941,6.48052853660972,4.91428451494351,7.99219054590011,6.56951514794532,5.04440870604717,8.0869356020893,1.62133688805917,-0.669119108214701,3.90364918820626,2.38412384188554,0.0651284326581779,4.67968346413202,2.55715376103824,0.216063420871784,4.89207383564397,3.04685104455453,-0.973371453871126,7.01602115344724,3.99909496725809,-0.0632145816481832,8.01393962433015,4.22852086920088,0.0962785778985134,8.35282581979773
"28","Peros_Banhos_Moresby",20.5778717880319,57.2675125713506,187.124287256254,4.53714289195178,2.47906661656422,6.55150017527749,4.62517601241914,2.57555907536142,6.60058249424233,4.71843779491029,2.57061476325888,6.85710525382376,6.32173065734633,4.75471148987733,7.80710389094963,6.38736168949666,4.84130717597824,7.85921412575573,6.47733879081283,4.93291561849565,7.99354135521957,2.05147607923449,-0.183543655068981,4.35201743029192,2.17533015442989,-0.0957065741985389,4.42274805949585,2.34477756200299,0.0166004705719581,4.64502253857152,3.59334049522227,-0.293443845919353,7.55045240131216,3.77369615024869,-0.189568550532928,7.64791581146169,3.97189249144208,0.0225958924730871,8.07213306362866
"29","Peros_Banhos_Parasol",824.665837454069,824.665837454069,824.665837454069,4.84683777543448,2.60319983397486,7.07601052662429,4.86073150343939,2.67896705380334,7.03405369099958,4.83216950711626,2.58504741619496,6.9843939361264,6.55834122082051,4.96489791072724,8.11325852000144,6.5571474280561,4.95363492435487,8.05780700221523,6.55188255535262,4.936192133268,8.09900684389943,2.53433472025612,0.213292149750843,4.84554503679068,2.54716328591746,0.176246972895905,4.85264910442308,2.54322874918901,0.207564353326715,4.8840770862121,4.22288563388687,0.0700480367298604,8.25315977065442,4.25772560852969,0.168635735294855,8.34016491981349,4.22832757913755,0.0940090780734297,8.2898256897734
"30","Peros_Banhos_Passe",4.26360055504944,101.867244345985,333.98903864142,4.40468879277576,2.36709619230653,6.32873702265051,4.67696361631143,2.60829758347439,6.7509358799531,4.78068455894755,2.64990421455454,6.9346053847532,6.24023893434277,4.71216736646353,7.70116959411557,6.43490031392777,4.91142910148618,7.94131884412156,6.51381378862747,4.95781714321035,8.02692682710334,1.84284443329656,-0.418877043460239,4.12270117877213,2.24775235664328,-0.0842822668472329,4.53996454572371,2.43676312694676,0.101645620189988,4.72912223998442,3.35990820373516,-0.570191815499794,7.19019257599045,3.86835426377953,-0.140301134396262,7.69517781425677,4.13527263957787,-0.0742613074234124,8.12194314825851
"31","Peros_Banhos_Petit_Souer",0.0392743498074249,42.6498774040421,140.849390777705,4.02007125078707,1.82538815223524,6.19750294234194,4.57307013819834,2.54391837005269,6.62644835450158,4.70683811844711,2.63025282337342,6.78168754563107,5.95555226667918,4.34602951074431,7.4997187358715,6.37167576340071,4.82581100558568,7.84604148554141,6.44934539452579,4.85679991844717,7.98593485088088,1.21584635860278,-1.10356717202999,3.52440425067139,2.14552982938831,-0.157004269179659,4.36124583818982,2.31095688919629,0.0798599369914664,4.53078826276196,2.53909302325953,-1.54046880098107,6.65085243135446,3.7461338811502,-0.284352645634903,7.63660763533664,3.92545604095227,-0.0582630457547325,7.88036486721508
"32","Peros_Banhos_Petite_Bois_Mangue",222.639910310278,222.639910310278,222.639910310278,4.74144294881119,2.63841597579406,6.85312900227102,4.73631830410542,2.63939440483901,6.84865993301957,4.73451657245261,2.58171442471541,6.8854812194931,6.46719165581269,4.89714512684244,7.98366757714354,6.48298976134565,4.93544227990877,7.95915590583845,6.48182472542543,4.94144674728875,7.9610325715356,2.39754327572321,0.0819388640491627,4.71620489136618,2.35577238716385,0.0567743409220231,4.69874539257445,2.3654548088739,0.0564393157562471,4.64131328740448,4.01205090360522,-0.0712208296646813,8.10991124220964,4.02690905968216,0.0357805295776881,7.99689119139952,4.03464703509696,0.0453526809547512,7.98731815218493
"33","Peros_Banhos_Petite_Coquillage",212.718586344009,212.718586344009,212.718586344009,4.74371294608985,2.64941677912209,6.82027353488787,4.71388370652164,2.5853089919632,6.85832916429148,4.72660419219865,2.61963592405153,6.89719342457026,6.47887549406325,4.90379509340541,7.97827218087376,6.4888736024649,4.92403626607886,7.9842479855755,6.47430520679694,4.90740910326434,7.97340974305788,2.35535838670297,0.016260804397386,4.70410726368316,2.34678634858967,0.0372583311682481,4.60503645641717,2.35760611460699,0.122937203261845,4.63176556475853,3.98958542163686,-0.0134299068506399,8.03929166270211,3.97266211959554,-0.0511723308246003,7.94364748893274,4.00006387382195,0.0162241715023456,8.04144939851654
"34","Peros_Banhos_Petite_Mapou",3.66487484084405,135.14180410067,441.103710587779,4.41263677867052,2.37450449516725,6.39916174471441,4.73194189208379,2.7011022871329,6.79078087981908,4.79304299025353,2.65528268230841,6.9329505698789,6.2204800203084,4.66519885891023,7.71870485710142,6.46100846484483,4.94166826596132,7.95464542578646,6.52498809761881,4.99145030622811,8.00232475836229,1.80095073684552,-0.512009126140959,4.066381191615,2.30894794377672,0.0401080021515219,4.60319281184094,2.43677804906508,0.0902038540930182,4.79621377955551,3.30811167138321,-0.627275860565148,7.23982827043324,3.93784772872105,-0.138498314614787,7.99485806461262,4.11153107349687,0.089766508981954,8.11225161848715
"35","Peros_Banhos_Pierre",0.0446965069511561,15.1201200847703,49.6628929810174,4.02753983099261,1.91838460330058,6.19429581566255,4.5342566911329,2.49879176132927,6.54403436351382,4.60768491213061,2.54561980908396,6.69855561760396,5.99512700943277,4.42699535042546,7.54834258852249,6.32322439968011,4.79951653155934,7.78448025716776,6.38690500852721,4.85043882488554,7.87055258130286,1.24544737110048,-1.12935542535412,3.56381830656948,2.02155375914518,-0.213275289317158,4.29864551720973,2.18638510644524,-0.0752656653545591,4.47324851476284,2.58389274178986,-1.46844922537979,6.62740312499191,3.54528484488552,-0.447914946976281,7.36570501131981,3.73866941698863,-0.194007850329118,7.61676002658445
"36","Peros_Banhos_Poule",0.0230395266222322,19.8249240124853,65.157857373815,4.00218734063352,1.80690810943392,6.19681763123072,4.54982718213163,2.5002990609797,6.54952331318153,4.62334793854602,2.54851451507361,6.66370168046774,5.92941359439592,4.33360242836642,7.5144802447286,6.34464296901017,4.84017741797422,7.8210460210259,6.41435034143083,4.91373044979265,7.93201858973094,1.16345369657104,-1.21514734048226,3.54724989326298,2.04639372888124,-0.252617763685665,4.29191547256947,2.18269822557935,-0.07731122766416,4.45888618895639,2.4632352526529,-1.62677979794433,6.67295585005909,3.62095082108876,-0.385562667422409,7.56296936036249,3.79608440346828,-0.100954260986569,7.77258878820577
"37","Peros_Banhos_Saint_Brandon",0.0967301126222737,0.0967301126222737,0.0967301126222737,4.07241337434775,1.94705722592759,6.22003869225567,4.10687300290279,2.05480219172851,6.22084939171235,4.09886573750415,1.98041192152573,6.18060459747049,6.016792341975,4.4733400366098,7.53166606324467,6.01534472157829,4.42011908806832,7.55076727868039,6.0067936731941,4.42815509373882,7.52299825623433,1.351277393106,-0.970107971421189,3.64811811551293,1.35903352756796,-0.968659125630772,3.65968883264368,1.37700938521615,-0.9417787008388,3.69633948258976,2.71129358386193,-1.4442323579288,6.66789494600298,2.70432894951196,-1.3734350300135,6.79299727420235,2.71153360454167,-1.42381685439737,6.6265763097035
"38","Peros_Banhos_Unnamed_Burtle",0.075767477141917,0.075767477141917,0.075767477141917,4.06635592390209,1.96329736065592,6.17692331795461,4.07166255744202,1.93877789573948,6.15999630277836,4.08542807229758,2.00367837767081,6.24407534072037,6.00384162770387,4.42140396673125,7.4902202524484,5.98665242854843,4.41487094884744,7.49670526813096,6.00331283713204,4.4316021965842,7.5018051488422,1.32078067972341,-0.945367946172468,3.65152422090114,1.31319678634111,-1.05478035324979,3.68163851316121,1.29405230119336,-1.10675808891972,3.62609208907786,2.66260930346028,-1.40462777040393,6.75439291470974,2.68685581248214,-1.41100104963726,6.80350769240841,2.65826303367964,-1.44234400238641,6.76437756808222
"39","Peros_Banhos_Unnamed_Marlin",0.580380675733642,0.580380675733642,0.580380675733642,4.2547136723482,2.20346441420512,6.2034967761712,4.230848962079,2.23520422652272,6.22793805825176,4.24921522171239,2.21498198303137,6.25717415176135,6.13228571912418,4.58196088964302,7.60277030964273,6.13385756691171,4.58127564788702,7.57571186068656,6.12151039769768,4.58527533537521,7.55622723440662,1.57753111204823,-0.683179801754051,3.82438890026144,1.59569782877499,-0.682761086080357,3.90735810750076,1.58776252343814,-0.6895370393527,3.88770338725401,2.98362637144804,-0.978868413505556,6.87318925129263,3.03252305022091,-1.02828474676308,7.01144670989468,3.02842741120131,-0.903182169831331,6.98672844090358
"40","Peros_Banhos_Vache_Marine",1.30582640391851,1.30582640391851,1.30582640391851,4.29261431930524,2.22567605002605,6.29997708823974,4.31126404542432,2.29926611158404,6.37080421668969,4.29311048727848,2.27000782406408,6.28192526885851,6.16983888884615,4.65240786054097,7.63765035936607,6.1697392101474,4.6280856622343,7.64020096741302,6.15800345672451,4.59833732870732,7.6169517372011,1.66735503166333,-0.561504715347475,3.95037788685426,1.70672675717829,-0.543901784600378,3.93312655945933,1.69023705480317,-0.594451897929996,3.98138281868511,3.15340391579629,-0.82519645198202,7.07784943642271,3.12593009546141,-0.841720798545615,7.16761045205288,3.12565782796947,-0.837206611567427,7.01806148937748
"41","Peros_Banhos_Verte",1.7243037647528,1.7243037647528,1.7243037647528,4.33088549624509,2.33784812425713,6.28039429574635,4.32169330519895,2.32494953830451,6.30865698904457,4.33094088745737,2.29520748491234,6.30045487626919,6.19870851321148,4.66877516879247,7.70640835794042,6.19940394150024,4.68707386205141,7.63590876056307,6.19021851232996,4.61144616729525,7.64882987694847,1.70774904469632,-0.590453730299143,4.01508367617552,1.73552585007158,-0.535199092244665,3.97991319392276,1.69788980577171,-0.615705438947412,3.97836629786414,3.17838456092276,-0.823300717373445,7.10282207099134,3.21759620059916,-0.809196252214143,7.14217965294557,3.1834589059888,-0.745220585639657,7.06859661204603
"42","Peros_Banhos_Yeye",0.332338133237407,30.2413976526289,98.7622385380151,4.19532461050563,2.11842116938878,6.17670325486579,4.55806384525388,2.51030935360351,6.58079715480578,4.69352004703576,2.62004125138875,6.78442466099829,6.0862299168758,4.56365449399098,7.56794823148502,6.35897710353308,4.82887720670624,7.81270085371815,6.43438445595524,4.88876490614466,7.90750699359121,1.52674926712544,-0.753082283887069,3.78157090521279,2.09348096230901,-0.177966874122743,4.32862955011921,2.25431736512459,-0.0914079477107452,4.57995487148632,2.9030452231344,-1.01487199174258,6.93951594661789,3.64444887839913,-0.152926604981896,7.58368191020711,3.88667511845912,-0.13273618949066,7.87805231682958
"43","Salomon_Islands_Anglaise",0.0978574508442912,23.0205894380065,75.4053992787055,4.10653700977862,1.98843037117278,6.25302366434653,4.54588912346852,2.55214079904791,6.49777220551203,4.64506638793832,2.54982009764997,6.67914385689158,6.02303079316942,4.46263254894044,7.50940177736342,6.35099501313595,4.80907412320856,7.84099668259467,6.4233305373339,4.88867620373209,7.8883986769896,1.33546140735496,-1.00033945603257,3.62612791567595,2.07338549277948,-0.15530968008193,4.34497859831826,2.2312049266461,-0.0294691870172848,4.45820482947862,2.7475079428173,-1.38857043246485,6.77394485387902,3.6281326783327,-0.364807143415506,7.52056551584957,3.82720545245694,-0.182290127958171,7.80704330055841
"44","Salomon_Islands_Boddam",0.100384424626582,21.3021479498972,69.7473320392926,4.10444410701823,2.03763149499144,6.20292634536389,4.53810236040845,2.50149772156922,6.53211079354749,4.62114056548741,2.57014813958655,6.6516471539368,6.02294650165178,4.44502050807097,7.51484783712428,6.35071055220627,4.79065332793294,7.85011893750297,6.41621387320368,4.8686678324861,7.91164601864414,1.35880818412841,-0.983365204708211,3.72103990693764,2.05637718424247,-0.222515453778554,4.35752014387572,2.22356992542496,-0.0804251024816088,4.53462619074837,2.67721087496186,-1.33378263216978,6.76622676126424,3.59962003864558,-0.276263703524609,7.55777587131179,3.79818788034214,-0.354809711047208,7.7717778276979
"45","Salomon_Islands_Diable",0.409498279949119,1487.87357669884,4885.23436191829,4.21351472320338,2.17237293232836,6.26079187521303,4.87943430308077,2.60367979065128,7.12050224692472,4.97177328072086,2.61965746142376,7.26613093598114,6.1024364286659,4.58551260898854,7.59292321870702,6.60411450820911,4.97692456699062,8.15887490023461,6.67128235580038,5.03020733742224,8.29222732269479,1.53190904365179,-0.739300882242755,3.8264956047416,2.63723492467695,0.29860983870048,5.02643666215266,2.78602357847727,0.42135241177628,5.18320432532621,2.94447257272802,-1.12266036127857,6.92265036205712,4.29729470593341,0.00821693972640587,8.57260617543781,4.56456130079594,0.351365711631581,8.78604332717439
"46","Salomon_Islands_Fouquet",0.935243609136893,40.9361194934594,133.876151725776,4.28435626174709,2.21317421695178,6.2639995930547,4.60057161659662,2.57451073155549,6.58651047671075,4.69378371585963,2.61973163151478,6.76056037167597,6.15872668555474,4.64131905642666,7.6253810261,6.37505894195667,4.84922596889154,7.84327318008925,6.46276297081412,4.90106577734592,7.98064230268478,1.63394081404309,-0.608943782514626,3.86861485806735,2.12689491182293,-0.19509744397266,4.3862479248708,2.2910127705928,-0.028268322705007,4.61863042987116,3.09644858832072,-0.861555450052248,6.99733728518178,3.74727086418695,-0.234601332449788,7.72071658830315,3.86943323555933,-0.126945520217041,7.76658606760746
"47","Salomon_Islands_Jacobin",0.88454373896031,0.88454373896031,0.88454373896031,4.2941500485762,2.28318998688425,6.2947798398132,4.27701886019009,2.2336450990653,6.27606132803032,4.29668006913039,2.24312947558777,6.31723828761561,6.14021080104817,4.60277074039806,7.63383977145181,6.15520974071633,4.61225554533735,7.59877203536296,6.14431351197897,4.60047005675399,7.59454731104261,1.62559898393663,-0.669974379553233,3.94806972662484,1.62790876313311,-0.646395460296262,3.90331008248449,1.60879816324609,-0.673410405984828,3.86888241018076,3.06009865363506,-0.989005219588052,7.02609406423783,3.08567386727402,-0.89345314970611,6.9663014461629,3.09536470386698,-0.878332828087943,7.0668724167313
"48","Salomon_Islands_Mapou",82.6406673422623,82.6406673422623,82.6406673422623,4.67891501596958,2.60402554804956,6.72676830348901,4.65237236612576,2.62982783307683,6.69675749772694,4.6362236935705,2.55663057150181,6.68423306546446,6.43092714135426,4.88502611355629,7.90082722087382,6.43537108542847,4.88869828677621,7.92854262748072,6.41816844647189,4.86973164508885,7.89730224209073,2.22408009189577,-0.00656686610272016,4.53878268859105,2.23275868163905,-0.0979912316971008,4.53828290536073,2.23491106405746,-0.00650226515519492,4.49555901725094,3.8488262955268,-0.139985562826232,7.73035784883892,3.84846639447183,-0.0941090327704891,7.76035478447852,3.82779953564787,-0.152653377454543,7.82086982088763
"49","Salomon_Islands_Passe",3.9081705405008,3.9081705405008,3.9081705405008,4.4017060401579,2.39386323453375,6.35994978424727,4.40980403363083,2.45188293655134,6.38817956488536,4.39017966998122,2.38569390468612,6.34689993128387,6.22883474312973,4.65322271485099,7.68212252846528,6.24516606268958,4.7359472698317,7.71546486545938,6.2559706865369,4.74142363992709,7.69116987592279,1.85504871071212,-0.412278691624942,4.14518837887226,1.82000731419408,-0.402725910910581,4.08870672848892,1.83916019722588,-0.433528996319884,4.101232252775,3.30081210052657,-0.628234918196792,7.16946850103451,3.2781300847233,-0.6871780358129,7.1289196474737,3.34529771889869,-0.60308995270225,7.15670048841074
"50","Salomon_Islands_Poule",17.4368098914935,1504.69134397471,4901.57353094152,4.50131044914029,2.47142196446764,6.50086572275403,4.88360306603117,2.5882145488752,7.10843705815333,4.99141934249794,2.66043732291913,7.33011967290079,6.33108342285095,4.81349651192176,7.80999098643086,6.59344463628105,5.00678952949327,8.16875529619838,6.66662090928491,5.01168851483663,8.25482852289278,2.01992422804316,-0.265517079748548,4.28262603223292,2.62249627002978,0.25295321881523,4.99629928887692,2.76330574427451,0.324782295964368,5.13971451180326,3.56462909925296,-0.490316384884941,7.45554072343542,4.33672465204116,0.202368339926125,8.40357752041157,4.50271938936724,0.4005898943247,8.70817779373755
"51","Salomon_Islands_Sel",0.382891187103756,0.382891187103756,0.382891187103756,4.22109335357614,2.21344947533584,6.22805614121207,4.20418541935444,2.12187917634324,6.25653402866086,4.21647001000807,2.20091016129994,6.29077202473686,6.10171483856454,4.53968649338689,7.59465853725876,6.09492831507943,4.51679342653046,7.55064059021758,6.10579491053615,4.58353994978743,7.58976376766126,1.49729127857545,-0.779635569282722,3.78224626018238,1.53256314956671,-0.834049607026731,3.81378743299137,1.51738084148651,-0.724375219399376,3.7941808214361,2.95147422662881,-0.999243571735614,6.92808242708588,2.90394356815904,-1.23945192819337,6.92791511913439,2.9366804258996,-1.03680277349554,6.86472873029629
"52","Salomon_Islands_Sepulture",2.76005958826238,1510.69033831437,4954.79582638408,4.37439458339437,2.28779872886042,6.37534833464901,4.9037421097708,2.64429012739675,7.12331005382524,4.99047545844477,2.65409443336262,7.31656110580949,6.22282070128629,4.71442776611223,7.66547758591449,6.59801102377526,5.00503722291079,8.16337679061383,6.65003602746255,5.01745477797,8.25689683794517,1.77598722439414,-0.421321028914445,4.0328593000548,2.62922382712266,0.263708443299493,4.98466422309709,2.80725771090432,0.407012925029763,5.22954486119042,3.2857329784338,-0.70964409280826,7.28040580744416,4.32240291426309,0.255501728075396,8.43272172754459,4.54626810907256,0.351338874147414,8.75262938661909
"53","Salomon_Islands_Takamaka",11.6857725165265,51.4354665236213,167.897366741778,4.50043042256975,2.46534362305459,6.48192619650037,4.61782779942203,2.57679372110868,6.63574749392134,4.71448183698927,2.58163042199224,6.76996560947011,6.30795136530304,4.79779639000793,7.78795435874509,6.39273779362192,4.86929746556647,7.8640500536383,6.47307452712926,4.92708578830458,7.9588998104594,1.96015216863211,-0.322457273038253,4.21739783677599,2.16847512730858,-0.147568706780869,4.42478503444907,2.32937161353646,0.076893719802437,4.61865418404496,3.47977705087606,-0.559912732096303,7.35820358113887,3.76124925191424,-0.151420050902338,7.67959897066043,3.95848019826962,-0.0609951408181275,7.86293158179689
