"","X","Atoll_Island","Rattus_rattus","logArea","Species","id","logVeg","Estimate","Est.Error","Q2.5","Q97.5","Area","Season.length","Mass","Defecation.rate","Estimate.adjusted","Estimate.adjusted.low","Estimate.adjusted.high","NitrogenInput.perArea","NitrogenInput.perArea.low","NitrogenInput.perArea.high","tot.Nitrogen","tot.Nitrogen.low","tot.Nitrogen.high"
"1",1,"Aldabra","A",9.66565215959564,"Sula_sula",1,4.29045944114839,2162.83183009462,11.2592235343443,20.0821722595534,289772.325741779,15766.64891,336,1.15,26.4,3244.24774514193,30.1232583893301,434658.488612668,0.330366797704622,0.0030674982899854,44.2619504608197,5208.77731092976,48.3641685702252,697862.632987556
"2",2,"Aratika","A",7.30919897604489,"Sula_sula",2,4.29045944114839,1373.26270148747,5.37620519232643,51.79284949406,43341.4085750977,1493.979996,336,1.15,26.4,2059.89405223121,77.68927424109,65012.1128626466,2.21371587920848,0.0834906920797203,69.8668683610436,3307.24724036501,124.733423819298,104379.703714564
"3",3,"Arno","A",7.3839206742465,"Sula_sula",3,4.29045944114839,1383.70870100976,5.4681823026851,48.1059577440285,44454.7084938205,1609.889262,336,1.15,26.4,2075.56305151464,72.1589366160428,66682.0627407307,2.06995882371451,0.0719641002711211,66.5020145029723,3332.40448308014,115.854232275969,107060.879049703
"4",4,"Fakarava","A",8.07475140762626,"Sula_sula",4,4.29045944114839,1592.68896815959,6.67102116640349,41.031677436041,78530.5102967956,3212.328709,336,1.15,26.4,2389.03345223939,61.5475161540615,117795.765445193,1.19405417379679,0.030761841564711,58.8750757146481,3835.69450258871,98.8171468000307,189126.095962713
"5",5,"Funafuti","A",5.80416749081948,"Sula_sula",5,4.29045944114839,1006.83643943957,3.38933275011038,91.7624161047911,11926.6081886282,331.6789526,336,1.15,26.4,1510.25465915936,137.643624157187,17889.9122829423,7.31061730348063,0.66628489068024,86.5988404672279,2424.77789007789,220.992674674027,28723.0127025447
"6",6,"Hao","A",8.27671655077528,"Sula_sula",6,4.29045944114839,1649.12899121398,7.12341428538414,35.8454432649714,91359.9257656486,3931.265058,336,1.15,26.4,2473.69348682097,53.7681648974571,137039.888648473,1.01026507220946,0.0219591066080335,55.9675698459104,3971.61977769491,86.327068513059,220023.351716402
"7",7,"Ifalik","A",5.0013189621966,"Sula_sula",7,4.29045944114839,876.71655786936,2.7947656719638,114.222509148734,7080.53544362244,148.6090396,336,1.15,26.4,1315.07483680404,171.333763723101,10620.8031654337,14.2078060348488,1.85105578334563,114.745037381683,2111.40840966197,275.083622209021,17052.149804158
"8",8,"Ile Alphonse","A",6.52417378685164,"Sula_sula",8,4.29045944114839,1177.99600822715,4.18702478937683,70.7592875107164,21427.8371247583,681.4165457,336,1.15,26.4,1766.99401234073,106.138931266075,32141.7556871375,4.16336208045081,0.250082795191465,75.7318733919618,2836.98380735916,170.410554438368,51604.9515661403
"9",9,"Ile Europa","A",8.11859627796842,"Sula_sula",9,4.29045944114839,1613.76220757026,6.77106374842556,37.7178851600003,76765.3065048174,3356.306116,336,1.15,26.4,2420.64331135539,56.5768277400005,115147.959757226,1.15795321920436,0.0270644251908478,55.0828575446067,3886.44547165748,90.8364957940669,184874.93166372
"10",10,"Johnston","A",5.65891856564954,"Sula_sula",10,4.29045944114839,986.147029979781,3.30194207053417,89.0764445750769,10709.37017055,286.838278,336,1.15,26.4,1479.22054496967,133.614666862615,16064.055255825,8.27975722229065,0.747891858804856,89.9165969374906,2374.95130389991,214.524012909804,25791.5218291699
"11",11,"Kanton","A",7.00608484493973,"Sula_sula",11,4.29045944114839,1288.64601345864,4.7810608040581,60.1686133860782,31573.6443044197,1103.326344,336,1.15,26.4,1932.96902018796,90.2529200791173,47360.4664566296,2.81282481531885,0.131334569050074,68.9181740229494,3103.46371979823,144.904889910834,76039.2369798965
"12",12,"Kapingamarangi","A",4.84587320510615,"Sula_sula",12,4.29045944114839,842.584394472933,2.71693512046568,109.261040216635,6073.38342010751,127.2143177,336,1.15,26.4,1263.8765917094,163.891560324952,9110.07513016127,15.9510933442434,2.06843737294099,114.976145398604,2029.20745635693,263.134849103869,14626.6118886594
"13",13,"Katiu","A",7.27536741676354,"Sula_sula",13,4.29045944114839,1379.37899307162,5.22198598863729,56.0856472958198,40952.5720732252,1444.281748,336,1.15,26.4,2069.06848960743,84.1284709437297,61428.8581098378,2.30008943419029,0.0935217988694862,68.2876706124022,3321.97718856869,135.071827147326,98626.6362789284
"14",14,"Kauehi","A",7.56499693694695,"Sula_sula",14,4.29045944114839,1428.85520570348,5.72715508210783,47.3963577912084,45779.2385511421,1929.462869,336,1.15,26.4,2143.28280855522,71.0945366868126,68668.8578267132,1.78346599958669,0.0591591032369502,57.1406501631723,3441.13142432649,114.145293059033,110250.76280036
"15",15,"Kayangel","A",5.09393446358394,"Sula_sula",15,4.29045944114839,883.87609299881,2.82549882902231,112.490976072672,6924.95456810938,163.0300376,336,1.15,26.4,1325.81413949821,168.736464109008,10387.4318521641,13.0568013528073,1.66174007895273,102.296868180075,2128.6508154839,270.913547553091,16677.4622657599
"16",16,"Lintea","A",6.7594141177916,"Sula_sula",16,4.29045944114839,1236.87590640191,4.51702551548181,65.2430657705255,26690.066841614,862.1369371,336,1.15,26.4,1855.31385960287,97.8645986557883,40035.100262421,3.45511825177087,0.182251514625252,74.5566605414012,2978.78506690005,157.125762600851,64278.050959568
"17",17,"Lukunor","A",5.59734032980392,"Sula_sula",17,4.29045944114839,985.194055097716,3.23294250560215,98.3590658536609,10748.4383716512,269.708118,336,1.15,26.4,1477.79108264657,147.538598780491,16122.6575574768,8.79712579333996,0.878280853150542,95.9763855132067,2372.65624153098,236.879475978667,25885.6103092094
"18",18,"Makemo","A",8.2041685790504,"Sula_sula",18,4.29045944114839,1641.71866269873,6.91857026203447,37.6443627307149,86817.8327474236,3656.159575,336,1.15,26.4,2462.5779940481,56.4665440960724,130226.749121135,1.08140066144437,0.0247963549916209,57.1869370138599,3953.77338275116,90.6594307277138,209084.567328146
"19",19,"Manihi","A",7.6416523999465,"Sula_sula",19,4.29045944114839,1458.29782678936,5.86407134606526,47.9769876244943,52954.1404160438,2083.183226,336,1.15,26.4,2187.44674018404,71.9654814367414,79431.2106240657,1.68589994642519,0.0554649395890927,61.2188956538132,3512.03848910726,115.543631783101,127530.176540268
"20",20,"Ouvea","A",9.57220318870159,"Sula_sula",20,4.29045944114839,2139.62394555258,10.6351090420716,23.0967163689288,274800.374229355,14360.01933,336,1.15,26.4,3209.43591832887,34.6450745533932,412200.561344033,0.358835550882224,0.00387354187124439,46.0866704516926,5152.88544695994,55.6241361466338,661805.478541645
"21",21,"Pukapuka","A",5.76854658253467,"Sula_sula",21,4.29045944114839,1026.18700748615,3.41566446494952,93.927282731286,11754.620427394,320.0721959,336,1.15,26.4,1539.28051122922,140.890924096929,17631.930641091,7.72132087050863,0.706735403169711,88.4450839552939,2471.3801262722,226.206352412801,28308.8122381308
"22",22,"Rangiroa","A",8.99710221968889,"Sula_sula",22,4.29045944114839,1921.15217991084,8.85306334589461,27.7830150583646,168176.183491612,8079.636959,336,1.15,26.4,2881.72826986626,41.6745225875469,252264.275237418,0.572641685019665,0.0082813390445139,50.1286124555123,4626.73692254892,66.9102130140643,405020.989898945
"23",23,"Rani","A",5.90557038189571,"Sula_sula",23,4.29045944114839,1039.61070354243,3.53048159798731,89.5740549419404,13617.3875558291,367.0765399,336,1.15,26.4,1559.41605531364,134.361082412911,20426.0813337436,6.82067177795909,0.587676931853477,89.3408760366654,2503.7085960468,215.722414723822,32794.939647174
"24",24,"Raraka","A",7.70893475980258,"Sula_sula",24,4.29045944114839,1480.71903352206,5.97128017273565,44.2297195026198,54677.0741012671,2228.16746,336,1.15,26.4,2221.07855028309,66.3445792539297,82015.6111519007,1.60043437049836,0.0478056685211373,59.0976861165944,3566.03578621003,106.519035002345,131679.541166289
"25",25,"Sapwuahfik","A",5.23856142688049,"Sula_sula",25,4.29045944114839,920.689589338925,2.9418993779776,110.177295726547,8190.6006757221,188.3988818,336,1.15,26.4,1381.03438400839,165.26594358982,12285.9010135832,11.7692272809623,1.40840262518726,104.700913354947,2217.30925938335,265.341479709465,19725.5349995107
"26",26,"Satawan","A",6.23599633934096,"Sula_sula",26,4.29045944114839,1108.44056423404,3.8092020269839,81.3815318312446,16917.7121777598,510.8093044,336,1.15,26.4,1662.66084635106,122.072297746867,25376.5682666397,5.22596683858782,0.383689663069534,79.7619698146292,2669.47248563651,195.992249898019,40743.1563185845
"27",27,"Sibutu","A",9.51511479193763,"Sula_sula",27,4.29045944114839,2105.95656825327,10.4824754185116,24.045430302454,267440.986559604,13563.1901,336,1.15,26.4,3158.9348523799,36.068145453681,401161.479839406,0.373938860027751,0.0042695661115339,47.4874834297951,5071.80384433368,57.9089368152521,644081.765128911
"28",28,"Tabuaeran","A",8.33001630809806,"Sula_sula",28,4.29045944114839,1669.36825818531,7.2163690785697,33.4055678841189,93922.8813098409,4146.485173,336,1.15,26.4,2504.05238727796,50.1083518261783,140884.321964761,0.969583179936284,0.019402235892439,54.5512025178718,4020.36227959599,80.4510834510468,226195.752409676
"29",29,"Tahanea","A",7.30757043881634,"Sula_sula",29,4.29045944114839,1375.98538992795,5.31104476996361,49.733049647491,40359.1861117849,1491.548974,336,1.15,26.4,2063.97808489193,74.5995744712365,60538.7791676773,2.22172009483397,0.0803009367599403,65.1655282476448,3313.80432796479,119.772779835528,97197.5767979427
"30",30,"Tikehau","A",8.25489992856807,"Sula_sula",30,4.29045944114839,1643.92169939013,7.04828191694976,37.2692741164431,84586.627348105,3846.426939,336,1.15,26.4,2465.8825490852,55.9039111746646,126879.941022157,1.02928745268346,0.0233349290497879,52.9611320457147,3959.07898597636,89.7560997167579,203711.125020573
"31",31,"Ulithi","A",6.01130908578077,"Sula_sula",31,4.29045944114839,1069.675256808,3.64372789058529,87.1519147894008,14463.1090937076,408.0171002,336,1.15,26.4,1604.512885212,130.727872184101,21694.6636405614,6.31373897636019,0.51441261052655,85.3682414574929,2576.1134685542,209.889141653355,34831.7023286597
"32",32,"Wake","A",6.57705569988622,"Sula_sula",32,4.29045944114839,1185.77285235151,4.28099858384402,70.0670037817242,23238.0719344462,718.4209653,336,1.15,26.4,1778.65927852727,105.100505672586,34857.1079016693,3.97498545387861,0.234880837655279,77.8994035260862,2855.71288682893,168.743318118778,55964.5646775051
"33",33,"Aldabra","A",9.66565215959564,"Onychoprion_fuscatus",33,4.29045944114839,90132.2109564185,12.6900703837303,652.678378064149,13440248.1001513,15766.64891,106,0.185,8.34992311049587,90132.2109564185,652.678378064149,13440248.1001513,0.915814560486206,0.00663172860848481,136.563552320017,14439.326641852,104.560136636383,2153149.58333212
"34",34,"Aratika","A",7.30919897604489,"Onychoprion_fuscatus",34,4.29045944114839,57228.306790563,6.17849681726616,1878.73610684252,2367735.63918122,1493.979996,106,0.185,8.34992311049587,57228.306790563,1878.73610684252,2367735.63918122,6.1366736882902,0.201459576225003,253.89569974463,9168.0677322851,300.976576882791,379315.0964889
"35",35,"Arno","A",7.3839206742465,"Onychoprion_fuscatus",35,4.29045944114839,57663.6254406275,6.28065047519297,1632.68928445207,2370668.76299076,1609.889262,106,0.185,8.34992311049587,57663.6254406275,1632.68928445207,2370668.76299076,5.7381626832233,0.16247047690381,235.907522742966,9237.80648733029,261.559476159463,379784.987688922
"36",36,"Fakarava","A",8.07475140762626,"Onychoprion_fuscatus",36,4.29045944114839,66372.5103675029,7.58083820561086,1407.33718882055,3851529.07173872,3212.328709,106,0.185,8.34992311049587,66372.5103675029,1407.33718882055,3851529.07173872,3.3100547814437,0.0701851288306824,192.079102465592,10632.9840027943,225.457704287665,617021.215249174
"37",37,"Funafuti","A",5.80416749081948,"Onychoprion_fuscatus",37,4.29045944114839,41958.1370569187,3.95139857464827,2882.33444436936,679615.113125208,331.6789526,106,0.185,8.34992311049587,41958.1370569187,2882.33444436936,679615.113125208,20.2658675726126,1.39217353883774,328.255514878025,6721.76173001444,461.754661199136,108875.445359917
"38",38,"Hao","A",8.27671655077528,"Onychoprion_fuscatus",38,4.29045944114839,68724.5490205042,8.09878392367414,1150.97584699721,4503431.45584922,3931.265058,106,0.185,8.34992311049587,68724.5490205042,1150.97584699721,4503431.45584922,2.80057036454161,0.0469030192754245,183.517780090968,11009.7844165928,184.388200792177,721457.036393349
"39",39,"Ifalik","A",5.0013189621966,"Onychoprion_fuscatus",39,4.29045944114839,36535.6199420318,3.29266135812394,3721.31045480626,412397.391337998,148.6090396,106,0.185,8.34992311049587,36535.6199420318,3721.31045480626,412397.391337998,39.385663842987,4.01159971723314,444.567385218423,5853.06567771474,596.159981237649,66066.7321547931
"40",40,"Ile Alphonse","A",6.52417378685164,"Onychoprion_fuscatus",40,4.29045944114839,49090.9109261183,4.85643168498746,2461.02444075997,1179137.38142265,681.4165457,106,0.185,8.34992311049587,49090.9109261183,2461.02444075997,1179137.38142265,11.5413160170595,0.578588994595456,277.216227806569,7864.44369317675,394.260114077272,188899.724363937
"41",41,"Ile Europa","A",8.11859627796842,"Onychoprion_fuscatus",41,4.29045944114839,67250.7005409916,7.76050528051107,1301.30460780588,3856059.8651586,3356.306116,106,0.185,8.34992311049587,67250.7005409916,1301.30460780588,3856059.8651586,3.20997880500505,0.0621132594353595,184.055635679884,10773.6714954688,208.471112527592,617747.055716663
"42",42,"Johnston","A",5.65891856564954,"Onychoprion_fuscatus",42,4.29045944114839,41095.9423212736,3.86318267711887,3097.97615584447,622537.3394053,286.838278,106,0.185,8.34992311049587,41095.9423212736,3097.97615584447,622537.3394053,22.9524343068042,1.73024610666386,347.692413876981,6583.63673247184,496.300813751665,99731.4932701366
"43",43,"Kanton","A",7.00608484493973,"Onychoprion_fuscatus",43,4.29045944114839,53702.0552023779,5.52807681028261,1949.30089961301,1640939.44105244,1103.326344,106,0.185,8.34992311049587,53702.0552023779,1949.30089961301,1640939.44105244,7.7974722032119,0.283036087225119,238.262383637673,8603.15649841141,312.281171338156,262881.16465168
"44",44,"Kapingamarangi","A",4.84587320510615,"Onychoprion_fuscatus",44,4.29045944114839,35113.2220889768,3.1991781158657,3744.74817342612,365089.384224788,127.2143177,106,0.185,8.34992311049587,35113.2220889768,3744.74817342612,365089.384224788,44.2182557140436,4.71578005281483,459.758882543633,5625.19523054618,599.914741842108,58487.9125493027
"45",45,"Katiu","A",7.27536741676354,"Onychoprion_fuscatus",45,4.29045944114839,57483.1924805472,6.00768889201175,1907.75263796285,2180758.52140163,1444.281748,106,0.185,8.34992311049587,57483.1924805472,1907.75263796285,2180758.52140163,6.37611106469395,0.211610423476922,241.892593951528,9208.90083395832,305.625072314269,349361.058420568
"46",46,"Kauehi","A",7.56499693694695,"Onychoprion_fuscatus",46,4.29045944114839,59545.0265872073,6.57089178038912,1595.14564356178,2613507.35300282,1929.462869,106,0.185,8.34992311049587,59545.0265872073,1595.14564356178,2613507.35300282,4.94397179711114,0.132443556180197,216.997243688602,9539.21000790915,255.544923888007,418688.124372503
"47",47,"Kayangel","A",5.09393446358394,"Onychoprion_fuscatus",47,4.29045944114839,36833.9809711504,3.36735679762049,3440.15607804279,411398.88100529,163.0300376,106,0.185,8.34992311049587,36833.9809711504,3440.15607804279,411398.88100529,36.194947177979,3.38047271149669,404.261510009709,5900.86359935594,551.11859326108,65906.7691771157
"48",48,"Lintea","A",6.7594141177916,"Onychoprion_fuscatus",48,4.29045944114839,51544.6270817327,5.23687158910659,2232.59572021944,1437274.19014787,862.1369371,106,0.185,8.34992311049587,51544.6270817327,2232.59572021944,1437274.19014787,9.57798309381728,0.414859225379263,267.073188299289,8257.53300809922,357.665461896157,230253.660541881
"49",49,"Lukunor","A",5.59734032980392,"Onychoprion_fuscatus",49,4.29045944114839,41056.2287698494,3.79689273541569,3267.44531796681,604794.944756454,269.708118,106,0.185,8.34992311049587,41056.2287698494,3267.44531796681,604794.944756454,24.3866391778655,1.94080197792495,359.23699122614,6577.27455700718,523.450048876815,96889.1328195846
"50",50,"Makemo","A",8.2041685790504,"Onychoprion_fuscatus",50,4.29045944114839,68415.7366183103,7.87381489601635,1291.20262303174,4607967.82549533,3656.159575,106,0.185,8.34992311049587,68415.7366183103,1291.20262303174,4607967.82549533,2.99776635652002,0.0565765125700484,201.90692378659,10960.3121680035,206.85275815309,738203.932661137
"51",51,"Manihi","A",7.6416523999465,"Onychoprion_fuscatus",51,4.29045944114839,60771.9960158506,6.74654587905406,1556.29638652429,2790899.81317915,2083.183226,106,0.185,8.34992311049587,60771.9960158506,1556.29638652429,2790899.81317915,4.67350753522016,0.119682804026383,214.626672843448,9735.77250395525,249.321209788406,447106.684719661
"52",52,"Ouvea","A",9.57220318870159,"Onychoprion_fuscatus",52,4.29045944114839,89165.0632030473,12.0367053919326,795.217920605164,14012042.4951172,14360.01933,106,0.185,8.34992311049587,89165.0632030473,795.217920605164,14012042.4951172,0.994733201403162,0.00887152029686114,156.319564958136,14284.3880003422,127.395202949413,2244751.97445603
"53",53,"Pukapuka","A",5.76854658253467,"Onychoprion_fuscatus",53,4.29045944114839,42764.537932397,3.97941809100986,3028.5779247938,678379.286723516,320.0721959,106,0.185,8.34992311049587,42764.537932397,3028.5779247938,678379.286723516,21.4043848489889,1.51585520577622,339.540470414218,6850.94846050458,485.183104379242,108677.463962398
"54",54,"Rangiroa","A",8.99710221968889,"Onychoprion_fuscatus",54,4.29045944114839,80060.6367770773,10.061263642495,989.20533488312,9058123.9286784,8079.636959,106,0.185,8.34992311049587,80060.6367770773,989.20533488312,9058123.9286784,1.58742826678138,0.0196137899154708,179.602892847711,12825.8440940482,158.472301907099,1451126.17099568
"55",55,"Rani","A",5.90557038189571,"Onychoprion_fuscatus",55,4.29045944114839,43323.946846176,4.1290875169193,2781.99557457029,776864.629843872,367.0765399,106,0.185,8.34992311049587,43323.946846176,2781.99557457029,776864.629843872,18.9076825212235,1.21413428204468,339.043666432535,6940.56667741844,445.680211226933,124454.975949065
"56",56,"Raraka","A",7.70893475980258,"Onychoprion_fuscatus",56,4.29045944114839,61706.360355699,6.86048371208197,1448.70525003151,2992410.93522875,2228.16746,106,0.185,8.34992311049587,61706.360355699,1448.70525003151,2992410.93522875,4.43658718063868,0.104159556709621,215.149490553493,9885.45918935225,232.084934908403,479389.09388687
"57",57,"Sapwuahfik","A",5.23856142688049,"Onychoprion_fuscatus",57,4.29045944114839,38368.1186567537,3.46791429646515,3569.13036497061,458724.090632338,188.3988818,106,0.185,8.34992311049587,38368.1186567537,3569.13036497061,458724.090632338,32.6256445395388,3.03494626996282,390.067838785195,6146.63494925339,571.780483584076,73488.3446532735
"58",58,"Satawan","A",6.23599633934096,"Onychoprion_fuscatus",58,4.29045944114839,46192.310182444,4.43099446821104,2573.90745516544,875088.436147253,510.8093044,106,0.185,8.34992311049587,46192.310182444,2573.90745516544,875088.436147253,14.4869779791731,0.807236972477358,274.447994790104,7400.08314439951,412.344156397121,140190.589312708
"59",59,"Sibutu","A",9.51511479193763,"Onychoprion_fuscatus",59,4.29045944114839,87762.0344927858,11.8655304009168,752.310683503777,12887059.4462571,13563.1901,106,0.185,8.34992311049587,87762.0344927858,752.310683503777,12887059.4462571,1.03660130232342,0.00888591791175877,152.215507335436,14059.6205213201,120.521393850179,2064527.86215846
"60",60,"Tabuaeran","A",8.33001630809806,"Onychoprion_fuscatus",60,4.29045944114839,69567.9848599808,8.22568113321636,1222.91150983935,5150819.28118373,4146.485173,106,0.185,8.34992311049587,69567.9848599808,1222.91150983935,5150819.28118373,2.68779550474706,0.0472478262158269,199.004598704341,11144.9042084898,195.912410860407,825169.617886364
"61",61,"Tahanea","A",7.30757043881634,"Onychoprion_fuscatus",61,4.29045944114839,57341.770040674,6.10643394081105,1715.55412711484,2302725.81467541,1491.548974,106,0.185,8.34992311049587,57341.770040674,1715.55412711484,2302725.81467541,6.15886228976598,0.184261169685647,247.327056238676,9186.24472930774,274.834558592667,368900.416975238
"62",62,"Tikehau","A",8.25489992856807,"Onychoprion_fuscatus",62,4.29045944114839,68507.5442961197,8.04117861779824,1289.97634652836,4918752.65903266,3846.426939,106,0.185,8.34992311049587,68507.5442961197,1289.97634652836,4918752.65903266,2.85330257956514,0.0537268249058499,204.863417517882,10975.0199071575,206.656306664797,787992.167956385
"63",63,"Ulithi","A",6.01130908578077,"Onychoprion_fuscatus",63,4.29045944114839,44576.8342041006,4.26462019143207,2710.03817301145,807467.403172249,408.0171002,106,0.185,8.34992311049587,44576.8342041006,2710.03817301145,807467.403172249,17.5024067970345,1.06405471331509,317.039628721901,7141.2812678468,434.152518580966,129357.589959595
"64",64,"Wake","A",6.57705569988622,"Onychoprion_fuscatus",64,4.29045944114839,49414.9972214275,4.94526815579211,2295.93292630026,1277547.27902159,718.4209653,106,0.185,8.34992311049587,49414.9972214275,2295.93292630026,1277547.27902159,11.0191144560408,0.511973067304454,284.881928202115,7916.36284426004,367.812185220468,204665.149855489
"65",65,"Aldabra","A",9.66565215959564,"Anous_tenuirostris",65,4.29045944114839,5654.10474188695,11.0185362118603,50.48919859323,707415.728404071,15766.64891,90,0.1085,5.96602436270199,11308.2094837739,100.97839718646,1414831.45680814,0.0697044580737453,0.000622436687535487,8.7211030273191,1099.00571791056,9.81374072107539,137502.569539678
"66",66,"Aratika","A",7.30919897604489,"Anous_tenuirostris",66,4.29045944114839,3590.00225736325,5.2659673299608,137.990227269176,104216.357259736,1493.979996,90,0.1085,5.96602436270199,7180.0045147265,275.980454538352,208432.714519472,0.467074375396025,0.0179531082690304,13.5589858957058,697.799773485856,26.8215846199536,20256.8536942306
"67",67,"Arno","A",7.3839206742465,"Anous_tenuirostris",67,4.29045944114839,3617.31033310491,5.37424808165627,131.232013767978,101563.535886797,1609.889262,90,0.1085,5.96602436270199,7234.62066620982,262.464027535956,203127.071773594,0.436742914374194,0.01584454936799,12.2624686777355,703.107728105601,25.507969888756,19741.2166498977
"68",68,"Fakarava","A",8.07475140762626,"Anous_tenuirostris",68,4.29045944114839,4163.62942412781,6.51886102654638,108.711624814703,169561.27065519,3212.328709,90,0.1085,5.96602436270199,8327.25884825562,217.423249629406,339122.54131038,0.251934818127865,0.0065779733583793,10.2598919194144,809.297449068833,21.130612666159,32958.145363972
"69",69,"Funafuti","A",5.80416749081948,"Anous_tenuirostris",69,4.29045944114839,2632.0856792138,3.3286010533538,240.185488002645,28944.1718964872,331.6789526,90,0.1085,5.96602436270199,5264.1713584276,480.37097600529,57888.3437929744,1.54247527555501,0.1407553635951,16.9620882307605,511.60658380748,46.6855915700548,5625.96765828741
"70",70,"Hao","A",8.27671655077528,"Anous_tenuirostris",70,4.29045944114839,4311.17570930065,6.95560247613924,91.5961597645741,206672.495486742,3931.265058,90,0.1085,5.96602436270199,8622.3514186013,183.192319529148,413344.990973484,0.213156951178113,0.0045287781040609,10.2184837735302,837.976474036329,17.8038271159301,40171.5682046193
"71",71,"Ifalik","A",5.0013189621966,"Anous_tenuirostris",71,4.29045944114839,2291.92449369634,2.76408523855293,314.902899468394,17776.6810658949,148.6090396,90,0.1085,5.96602436270199,4583.84898739268,629.805798936788,35553.3621317898,2.99772079687464,0.41187699391008,23.250995692575,445.488408612487,61.208644498312,3455.30813961731
"72",72,"Ile Alphonse","A",6.52417378685164,"Anous_tenuirostris",72,4.29045944114839,3079.5333799714,4.11393272355357,197.594312214748,53090.9478827167,681.4165457,90,0.1085,5.96602436270199,6159.0667599428,395.188624429496,106181.895765433,0.878432395745998,0.0563634887653647,15.1441152884902,598.578368740213,38.4070138180956,10319.4507275655
"73",73,"Ile Europa","A",8.11859627796842,"Anous_tenuirostris",73,4.29045944114839,4218.71937667098,6.62701979385824,100.762344103112,187376.942664035,3356.306116,90,0.1085,5.96602436270199,8437.43875334196,201.524688206224,374753.88532807,0.244317837567789,0.00583542914839718,10.8515227855392,820.005452476665,19.5854865402501,36421.0322930184
"74",74,"Johnston","A",5.65891856564954,"Anous_tenuirostris",74,4.29045944114839,2577.99914021169,3.23613732338659,243.606861737199,26611.2061564627,286.838278,90,0.1085,5.96602436270199,5155.99828042338,487.213723474398,53222.4123129254,1.74695518487896,0.165077739377736,18.0328161657564,501.093616973853,47.3506144992425,5172.50193647613
"75",75,"Kanton","A",7.00608484493973,"Anous_tenuirostris",75,4.29045944114839,3368.79614675886,4.69684406712873,160.382756758479,75962.2631232681,1103.326344,90,0.1085,5.96602436270199,6737.59229351772,320.765513516958,151924.526246536,0.593481036140574,0.0282546406827498,13.3822768318451,654.803261838312,31.174089405532,14765.0185712755
"76",76,"Kapingamarangi","A",4.84587320510615,"Anous_tenuirostris",76,4.29045944114839,2202.69572231186,2.6747914279817,305.712518192195,15337.2903299297,127.2143177,90,0.1085,5.96602436270199,4405.39144462372,611.42503638439,30674.5806598594,3.36553892512623,0.467103726335072,23.4341253258367,428.144738052725,59.4222818408438,2981.15626422261
"77",77,"Katiu","A",7.27536741676354,"Anous_tenuirostris",77,4.29045944114839,3605.99155101405,5.12258042261656,151.707465088328,95783.3572663945,1444.281748,90,0.1085,5.96602436270199,7211.9831020281,303.414930176656,191566.714532789,0.485298427824238,0.0204169625067098,12.8906327248706,700.907661639643,29.4878462980413,18617.7055647021
"78",78,"Kauehi","A",7.56499693694695,"Anous_tenuirostris",78,4.29045944114839,3735.33294712258,5.60201038479055,123.617361514963,115939.126960213,1929.462869,90,0.1085,5.96602436270199,7470.66589424516,247.234723029926,231878.253920426,0.376295474781003,0.0124531479257507,11.6796466185954,726.048146362671,24.0278865249004,22535.4444736213
"79",79,"Kayangel","A",5.09393446358394,"Anous_tenuirostris",79,4.29045944114839,2310.64104898366,2.8079772676045,300.361492534046,17815.4083272499,163.0300376,90,0.1085,5.96602436270199,4621.28209796732,600.722985068092,35630.8166544998,2.75486903889084,0.358106931676404,21.2404764632422,449.126402993449,58.3821865360247,3462.8356764443
"80",80,"Lintea","A",6.7594141177916,"Anous_tenuirostris",80,4.29045944114839,3233.45802026911,4.4537537528051,174.886366421672,64624.2374581788,862.1369371,90,0.1085,5.96602436270199,6466.91604053822,349.772732843344,129248.474916358,0.728999242640981,0.0394290038313289,14.5698567502486,628.497174198715,33.9932005960461,12561.2116726451
"81",81,"Lukunor","A",5.59734032980392,"Anous_tenuirostris",81,4.29045944114839,2575.50786015717,3.19855339299511,260.804855499638,27005.0699463193,269.708118,90,0.1085,5.96602436270199,5151.01572031434,521.609710999276,54010.1398926386,1.8561153550896,0.187956676220456,19.4619965126307,500.609379212117,50.6934414089547,5249.0584519442
"82",82,"Makemo","A",8.2041685790504,"Anous_tenuirostris",82,4.29045944114839,4291.80352649198,6.7729426897696,94.2495017734186,204724.886972104,3656.159575,90,0.1085,5.96602436270199,8583.60705298396,188.499003546837,409449.773944208,0.228165928266087,0.00501060333447406,10.8838262485283,834.211043318816,18.3195653578643,39793.0055511931
"83",83,"Manihi","A",7.6416523999465,"Anous_tenuirostris",83,4.29045944114839,3812.3022524467,5.76786587521905,127.637789808782,128262.720459219,2083.183226,90,0.1085,5.96602436270199,7624.6045048934,255.275579617564,256525.440918438,0.35570990471383,0.0119093458609236,11.9676555140937,741.008906821909,24.8093495301085,24930.8192215063
"84",84,"Ouvea","A",9.57220318870159,"Anous_tenuirostris",84,4.29045944114839,5593.43437065766,10.3898676209593,61.1455329894558,682478.218940321,14360.01933,90,0.1085,5.96602436270199,11186.8687413153,122.291065978912,1364956.43788064,0.0757111119689534,0.00082764827256241,9.23782803667493,1087.21303136997,11.8850451924373,132655.389173868
"85",85,"Pukapuka","A",5.76854658253467,"Anous_tenuirostris",85,4.29045944114839,2682.67220056418,3.35805418020239,244.875627611025,29182.4628733851,320.0721959,90,0.1085,5.96602436270199,5365.34440112836,489.75125522205,58364.9257467702,1.62913007793692,0.148707788529252,17.721892374816,521.439241452008,47.5972284219905,5672.28500791081
"86",86,"Rangiroa","A",8.99710221968889,"Anous_tenuirostris",86,4.29045944114839,5022.30247362556,8.66244406284472,79.5627462052729,407007.478161525,8079.636959,90,0.1085,5.96602436270199,10044.6049472511,159.125492410546,814014.95632305,0.120822306000678,0.00191405326914296,9.79144173996688,976.200369034689,15.4648555348623,79111.2945641317
"87",87,"Rani","A",5.90557038189571,"Anous_tenuirostris",87,4.29045944114839,2717.76461157339,3.45437692335538,251.711618962511,33435.0648853282,367.0765399,90,0.1085,5.96602436270199,5435.52922314678,503.423237925022,66870.1297706564,1.43910112421953,0.133285448005873,17.7044175422435,528.260261244704,48.9259610730172,6498.87633235162
"88",88,"Raraka","A",7.70893475980258,"Anous_tenuirostris",88,4.29045944114839,3870.91607971807,5.85602443575946,123.081831787205,131279.095953048,2228.16746,90,0.1085,5.96602436270199,7741.83215943614,246.16366357441,262558.191906096,0.337677427796259,0.0107369820245192,11.4520662633617,752.401856592125,23.9237939656386,25517.1213977863
"89",89,"Sapwuahfik","A",5.23856142688049,"Anous_tenuirostris",89,4.29045944114839,2406.87939785841,2.90322029721906,285.960652530186,20287.5067450198,188.3988818,90,0.1085,5.96602436270199,4813.75879571682,571.921305060372,40575.0134900396,2.48320235346318,0.295028561045749,20.9308304105135,467.832546675592,55.5830510000821,3943.34504448619
"90",90,"Satawan","A",6.23599633934096,"Anous_tenuirostris",90,4.29045944114839,2897.70058084512,3.73086657458703,218.517065406142,42613.5201573767,510.8093044,90,0.1085,5.96602436270199,5795.40116169024,437.034130812284,85227.0403147534,1.10263255546891,0.0831500783190196,16.2152897850302,563.234968667866,42.4738336669439,8282.92089573571
"91",91,"Sibutu","A",9.51511479193763,"Anous_tenuirostris",91,4.29045944114839,5505.42064948612,10.2505574405411,61.7476470814644,580059.66934225,13563.1901,90,0.1085,5.96602436270199,11010.8412989722,123.495294162929,1160119.3386845,0.0788977759631074,0.000884900961407397,8.31279220076867,1070.10553385484,12.0020799592413,112747.980880823
"92",92,"Tabuaeran","A",8.33001630809806,"Anous_tenuirostris",92,4.29045944114839,4364.08547961317,7.07402210614424,89.1962281583219,229097.566438231,4146.485173,90,0.1085,5.96602436270199,8728.17095922634,178.392456316644,458195.132876462,0.204573433481968,0.00418121476612469,10.7393120477527,848.260708722683,17.3373450328647,44530.3981742268
"93",93,"Tahanea","A",7.30757043881634,"Anous_tenuirostris",93,4.29045944114839,3597.1199469625,5.1940882045201,138.651221064537,99611.2437596834,1491.548974,90,0.1085,5.96602436270199,7194.239893925,277.302442129074,199222.487519367,0.468763193752944,0.0180685076289549,12.9809640620747,699.183260691167,26.9500640156789,19361.7436283184
"94",94,"Tikehau","A",8.25489992856807,"Anous_tenuirostris",94,4.29045944114839,4297.5627353357,6.88365106478742,91.3658184164205,204159.820705268,3846.426939,90,0.1085,5.96602436270199,8595.1254706714,182.731636832841,408319.641410536,0.217170504390559,0.00461702646162774,10.3168921477968,835.330478444063,17.7590549600808,39683.1718840432
"95",95,"Ulithi","A",6.01130908578077,"Anous_tenuirostris",95,4.29045944114839,2796.35978056261,3.57940941648888,227.558949697254,36380.8783018129,408.0171002,90,0.1085,5.96602436270199,5592.71956112522,455.117899394508,72761.7566036258,1.33214280861164,0.108405585175962,17.331291108394,543.537045822004,44.2313325089801,7071.46314076895
"96",96,"Wake","A",6.57705569988622,"Anous_tenuirostris",96,4.29045944114839,3099.86371293055,4.19659614319749,184.509727132909,55723.6140117796,718.4209653,90,0.1085,5.96602436270199,6199.7274258611,369.019454265818,111447.228023559,0.838686601797555,0.0499202062988117,15.0763558670249,602.530038047576,35.8637227971675,10831.1701351943
