"","Atoll","IslandArea"
"1","Aldabra",0.120293036862
"2","Aldabra",0.358211277439
"3","Aldabra",0.00741389022288
"4","Aldabra",0.530630684175
"5","Aldabra",0.528794826343
"6","Aldabra",116.703073279
"7","Aldabra",0.0139861609275
"8","Aldabra",0.0396017552408
"9","Aldabra",0.189121162003
"10","Aldabra",0.0841383843766
"11","Aldabra",25.7189915298
"12","Aldabra",0.0102649968527
"13","Aldabra",0.0102650229739
"14","Aldabra",10.6579569964
"15","Aldabra",0.0956632274314
"16","Aldabra",1.8382642916
"17","Aldabra",0.167557076236
"18","Aldabra",0.461556309149
"19","Aldabra",0.130705235934
"20","Aratika",0.00664015293651
"21","Aratika",0.0153165037729
"22","Aratika",0.0149247798617
"23","Aratika",0.00950559133969
"24","Aratika",0.00583543439805
"25","Aratika",0.00510443519332
"26","Aratika",7.02131047334
"27","Aratika",0.00489600914563
"28","Aratika",0.0040892206707
"29","Aratika",2.1089068712
"30","Aratika",0.00545436955318
"31","Aratika",0.0122797087564
"32","Aratika",2.46718578281
"33","Aratika",0.0218016862193
"34","Aratika",0.0146951506799
"35","Aratika",0.0129530073768
"36","Aratika",0.00898804819594
"37","Aratika",0.0252752701949
"38","Aratika",0.00764306069807
"39","Aratika",0.00817494355969
"40","Aratika",0.00531454272853
"41","Aratika",0.226418559117
"42","Aratika",0.0252418729718
"43","Aratika",0.0207894882814
"44","Aratika",0.0154833841815
"45","Aratika",0.045212416648
"46","Aratika",0.00746368236103
"47","Aratika",0.0850983766878
"48","Aratika",0.035693952979
"49","Aratika",0.455590932391
"50","Aratika",0.0210015032365
"51","Aratika",0.00428129734359
"52","Aratika",0.00979847661715
"53","Aratika",0.0143034784141
"54","Aratika",0.00572152296434
"55","Aratika",0.018831835913
"56","Aratika",0.00734870799834
"57","Aratika",0.00531799351415
"58","Aratika",0.00572134395171
"59","Aratika",0.0110188656762
"60","Aratika",0.00424578269599
"61","Aratika",0.00530705103136
"62","Aratika",0.00711133381537
"63","Aratika",0.0391644335147
"64","Aratika",0.0183787941603
"65","Aratika",0.0152298818379
"66","Aratika",0.00579372660458
"67","Aratika",0.00667455434517
"68","Aratika",0.0208335283395
"69","Aratika",0.00415167239922
"70","Aratika",0.0280211468915
"71","Aratika",0.0042178570924
"72","Aratika",0.0109814775577
"73","Aratika",0.00608180177226
"74","Aratika",0.15648593882
"75","Aratika",0.0245979026626
"76","Aratika",0.841411278784
"77","Aratika",0.00601017102627
"78","Aratika",0.00852849711981
"79","Aratika",0.741738527006
"80","Aratika",0.0364248893202
"81","Aratika",0.035049109268
"82","Aratika",0.0140304087358
"83","Aratika",0.0291212968945
"84","Aratika",0.00580064687632
"85","Aratika",0.00591330060626
"86","Aratika",0.0133276262467
"87","Aratika",0.0119133905821
"88","Aratika",0.0171884909206
"89","Aratika",0.00943271308202
"90","Arno",0.0104999378057
"91","Arno",0.0291497681585
"92","Arno",0.00368326475765
"93","Arno",0.0559351110559
"94","Arno",0.0227403463636
"95","Arno",0.0963077909279
"96","Arno",0.0704523526951
"97","Arno",0.104538509775
"98","Arno",0.0190891559668
"99","Arno",0.0211944630125
"100","Arno",0.0111488034677
"101","Arno",0.0520254057408
"102","Arno",0.0115790371882
"103","Arno",0.0505717533866
"104","Arno",0.0166362259225
"105","Arno",0.0340817270196
"106","Arno",0.0482121113763
"107","Arno",0.0283072910929
"108","Arno",0.0566453776715
"109","Arno",0.11354178876
"110","Arno",0.0188658181116
"111","Arno",0.00753344425935
"112","Arno",0.0816376598356
"113","Arno",0.0106647639738
"114","Arno",0.121229637407
"115","Arno",0.0456470931028
"116","Arno",0.0207969685006
"117","Arno",0.0114642566543
"118","Arno",0.0165824328152
"119","Arno",0.0158277696091
"120","Arno",0.282378940119
"121","Arno",0.249177660679
"122","Arno",0.0119129645679
"123","Arno",0.118461706918
"124","Arno",0.11389453848
"125","Arno",0.253983781199
"126","Arno",1.20878790985
"127","Arno",0.113053649602
"128","Arno",0.00453932294531
"129","Arno",0.0424521864335
"130","Arno",2.79896202766
"131","Arno",0.00580047010361
"132","Arno",0.140907623618
"133","Arno",0.148500317521
"134","Arno",6.0739709687
"135","Arno",0.0121378025238
"136","Arno",0.0364980452865
"137","Arno",0.048768247904
"138","Arno",1.57571842992
"139","Arno",0.0120345129238
"140","Arno",0.00494917905459
"141","Arno",0.126369348707
"142","Arno",0.00990487380332
"143","Arno",0.0374424620363
"144","Arno",0.0357165590352
"145","Arno",0.00461917545576
"146","Arno",0.292392326566
"147","Arno",0.0210646871075
"148","Arno",0.00683016130731
"149","Arno",0.597798709191
"150","Arno",0.00570978134728
"151","Arno",0.00441094418287
"152","Arno",0.0521254914336
"153","Arno",0.0223107467033
"154","Arno",0.0339637185581
"155","Arno",0.0390262270337
"156","Arno",0.0257937113216
"157","Arno",0.00498826099547
"158","Arno",0.0357152321898
"159","Arno",0.0231164962367
"160","Arno",0.00503512099685
"161","Arno",0.00456724837263
"162","Arno",0.020041096814
"163","Arno",0.072974038862
"164","Arno",0.0858478825588
"165","Arno",0.0629468857283
"166","Arno",0.00470107972047
"167","Fakarava",13.4397257283
"168","Fakarava",3.48889453457
"169","Fakarava",4.50762638409
"170","Fakarava",0.015929093786
"171","Fakarava",0.00464652633676
"172","Fakarava",0.0140943831877
"173","Fakarava",0.0077558480552
"174","Fakarava",0.0114417469605
"175","Fakarava",0.00571617485403
"176","Fakarava",0.00489926229424
"177","Fakarava",0.118507057601
"178","Fakarava",0.0538723051174
"179","Fakarava",0.377290223515
"180","Fakarava",0.0255770752993
"181","Fakarava",0.315688111331
"182","Fakarava",0.00576035162738
"183","Fakarava",0.0957188760535
"184","Fakarava",0.00496075500915
"185","Fakarava",0.137563601152
"186","Fakarava",0.00415829613033
"187","Fakarava",0.169995290984
"188","Fakarava",0.0122612112934
"189","Fakarava",0.00490476729614
"190","Fakarava",0.0699386448649
"191","Fakarava",0.00489833576426
"192","Fakarava",0.00415231115673
"193","Fakarava",0.00717336674078
"194","Fakarava",0.00716278671604
"195","Fakarava",0.0170151098629
"196","Fakarava",0.00918695312958
"197","Fakarava",0.0178944551548
"198","Fakarava",0.00408705273485
"199","Fakarava",0.00755184521648
"200","Fakarava",0.00694138667973
"201","Fakarava",0.00419053694533
"202","Fakarava",0.0050442306854
"203","Fakarava",0.00490086896952
"204","Fakarava",0.00735530994084
"205","Fakarava",0.0250637563121
"206","Fakarava",0.016319109709
"207","Fakarava",0.00367442061024
"208","Fakarava",0.00403914879635
"209","Fakarava",0.015018918795
"210","Fakarava",0.00504388773245
"211","Fakarava",0.0042933640977
"212","Fakarava",0.0036743653469
"213","Fakarava",0.00581463523916
"214","Fakarava",0.0279357890729
"215","Fakarava",0.00653311553296
"216","Fakarava",0.00408679224216
"217","Fakarava",0.0659433908941
"218","Fakarava",0.0093996447399
"219","Fakarava",0.064894582091
"220","Fakarava",0.00490189078709
"221","Fakarava",0.00612647989245
"222","Fakarava",0.00531559191227
"223","Fakarava",0.00817111076859
"224","Fakarava",0.00449549491442
"225","Fakarava",0.0151018580999
"226","Fakarava",0.00530927965908
"227","Fakarava",0.0181839145153
"228","Fakarava",0.0327199176577
"229","Fakarava",0.009796412856
"230","Fakarava",0.00408143761135
"231","Fakarava",0.00490614555402
"232","Fakarava",0.0284318470148
"233","Fakarava",0.00489981357473
"234","Fakarava",0.00504304943821
"235","Fakarava",0.0152087375694
"236","Fakarava",0.0119203637893
"237","Fakarava",1.07621077268
"238","Fakarava",0.152887874326
"239","Fakarava",0.00488987699573
"240","Fakarava",0.00413961756029
"241","Fakarava",0.0324693208716
"242","Fakarava",0.00668407802865
"243","Fakarava",0.00670984300257
"244","Fakarava",0.00677507478286
"245","Fakarava",0.0871954298363
"246","Fakarava",0.0041972813143
"247","Fakarava",0.0169114423308
"248","Fakarava",0.00736027273634
"249","Fakarava",0.00490044382053
"250","Fakarava",0.0379903546809
"251","Fakarava",0.0335204550872
"252","Fakarava",0.00449537503273
"253","Fakarava",0.00819675140133
"254","Fakarava",0.00490024501955
"255","Fakarava",0.00532924095709
"256","Fakarava",0.00367385980666
"257","Fakarava",0.0134821666332
"258","Fakarava",0.01326997314
"259","Fakarava",0.00449248146148
"260","Fakarava",0.272851862784
"261","Fakarava",0.00530387793485
"262","Fakarava",0.0048987825254
"263","Fakarava",0.874413007317
"264","Fakarava",0.00817774780548
"265","Fakarava",0.419556118366
"266","Fakarava",0.00490478678283
"267","Fakarava",0.0036781308205
"268","Fakarava",0.00835660275649
"269","Fakarava",0.13693858186
"270","Fakarava",0.00735761293359
"271","Fakarava",0.035477005371
"272","Fakarava",0.00742637754007
"273","Fakarava",0.00420587985746
"274","Fakarava",0.0194376034458
"275","Fakarava",0.00591956093377
"276","Fakarava",0.0238244241755
"277","Fakarava",0.018992391294
"278","Fakarava",0.0138953485725
"279","Fakarava",0.0223515905115
"280","Fakarava",0.0429053396304
"281","Fakarava",0.0265285686795
"282","Fakarava",0.0351305377092
"283","Fakarava",0.017574169385
"284","Fakarava",0.00612976129497
"285","Fakarava",0.379431842149
"286","Fakarava",0.00490393059155
"287","Fakarava",0.0254589153816
"288","Fakarava",0.494998527505
"289","Fakarava",0.00694228201328
"290","Fakarava",0.0644311232033
"291","Fakarava",0.0085665332982
"292","Fakarava",0.0529676860753
"293","Fakarava",0.114531348663
"294","Fakarava",0.0194159303405
"295","Fakarava",0.0206985041808
"296","Fakarava",0.141245121783
"297","Fakarava",0.00496186600826
"298","Fakarava",0.00419267409889
"299","Fakarava",0.0193748916332
"300","Fakarava",0.0101331080686
"301","Fakarava",0.00613110692106
"302","Fakarava",0.0100141769228
"303","Fakarava",0.0463906171226
"304","Fakarava",0.00654072128316
"305","Fakarava",0.00531503371666
"306","Fakarava",0.00505373934462
"307","Fakarava",0.0036736268708
"308","Fakarava",0.00613867217877
"309","Fakarava",0.543052627133
"310","Fakarava",0.00653180298165
"311","Fakarava",0.0646938421423
"312","Fakarava",0.00531265886894
"313","Fakarava",0.00585745341644
"314","Fakarava",0.0091911888286
"315","Fakarava",0.0036787226309
"316","Fakarava",0.033751253641
"317","Fakarava",0.00653380865267
"318","Fakarava",0.0115263750601
"319","Fakarava",0.00551228423132
"320","Fakarava",0.0919563527928
"321","Fakarava",0.00490265744974
"322","Fakarava",0.00817443871445
"323","Fakarava",0.006948987777
"324","Fakarava",0.00633025634987
"325","Fakarava",0.151815517805
"326","Fakarava",0.0122502194874
"327","Fakarava",0.0451277719792
"328","Fakarava",0.149261705322
"329","Fakarava",0.0179626595276
"330","Fakarava",0.0253177693299
"331","Fakarava",0.00419463474728
"332","Fakarava",0.00750239094605
"333","Fakarava",2.38947234367
"334","Fakarava",0.0108282478121
"335","Fakarava",0.00734720963212
"336","Fakarava",0.00899296048759
"337","Funafuti",0.00805423368917
"338","Funafuti",0.0341932103127
"339","Funafuti",0.0602213063233
"340","Funafuti",0.0233916457397
"341","Funafuti",0.139986597791
"342","Funafuti",0.0756971825232
"343","Funafuti",0.0230786511178
"344","Funafuti",0.00592789553641
"345","Funafuti",0.044938646567
"346","Funafuti",0.0268982798988
"347","Funafuti",0.025351481409
"348","Funafuti",0.123755850885
"349","Funafuti",0.0151713565834
"350","Funafuti",0.0103216652974
"351","Funafuti",0.287445314413
"352","Funafuti",1.83504415954
"353","Funafuti",0.0586543618463
"354","Funafuti",0.0529125760763
"355","Funafuti",0.0893679912968
"356","Funafuti",0.0538087538878
"357","Funafuti",0.0231600985766
"358","Funafuti",0.013296033141
"359","Funafuti",0.141987865092
"360","Funafuti",0.0784913377219
"361","Funafuti",0.065633030838
"362","Hao",0.104514999919
"363","Hao",0.0353175592779
"364","Hao",0.00585317916849
"365","Hao",0.202392758038
"366","Hao",0.0715744217015
"367","Hao",0.0940698480314
"368","Hao",0.104944791097
"369","Hao",0.0838326572084
"370","Hao",0.227817541594
"371","Hao",0.0065612928888
"372","Hao",0.0661675539779
"373","Hao",0.0905069770059
"374","Hao",0.00918029910835
"375","Hao",0.0143201323619
"376","Hao",0.00415811273324
"377","Hao",0.1584800659
"378","Hao",0.0296539028625
"379","Hao",0.0124627294053
"380","Hao",0.00574413872538
"381","Hao",0.328204521588
"382","Hao",3.33271496457
"383","Hao",9.58981902218
"384","Hao",0.0103293877071
"385","Hao",1.87231837497
"386","Hao",1.67937385051
"387","Hao",0.0507292902008
"388","Hao",2.6265469757
"389","Hao",0.182555872941
"390","Hao",4.00952838313
"391","Hao",0.118453249674
"392","Hao",4.97864993063
"393","Hao",2.39318223204
"394","Hao",0.0584702208057
"395","Hao",0.0539609956618
"396","Hao",0.0284056690011
"397","Hao",0.00871244898273
"398","Hao",0.198817554568
"399","Hao",0.0100685987725
"400","Hao",0.0936966980516
"401","Hao",0.0605728754985
"402","Hao",0.687409106349
"403","Hao",0.65358929266
"404","Hao",0.0864436526315
"405","Hao",0.25218916256
"406","Hao",0.182722647644
"407","Hao",0.0296054361632
"408","Hao",0.628959347006
"409","Hao",0.201759237486
"410","Hao",0.208987361741
"411","Hao",0.145649303949
"412","Hao",0.615367534316
"413","Hao",0.0339024470279
"414","Hao",0.274746192014
"415","Hao",0.0409041303316
"416","Hao",0.0602828162388
"417","Hao",0.072593095207
"418","Hao",0.238213042554
"419","Hao",0.783900378589
"420","Hao",0.0134998404067
"421","Hao",0.0079507175879
"422","Hao",0.0118049883305
"423","Hao",0.00580767260399
"424","Hao",0.00411521380837
"425","Hao",0.0082773347108
"426","Hao",0.00500262755103
"427","Hao",0.00500308750796
"428","Hao",0.00654468794528
"429","Hao",0.010117510874
"430","Hao",0.00933735103753
"431","Hao",0.0099480201035
"432","Hao",0.00953550856043
"433","Hao",0.0261943773995
"434","Hao",0.558640443445
"435","Hao",0.0196234615111
"436","Hao",0.00742106325582
"437","Hao",0.0524346176047
"438","Hao",0.104500951842
"439","Hao",0.106875459477
"440","Hao",0.120127377583
"441","Ifalik",0.115430165476
"442","Ifalik",1.36642789271
"443","Ifalik",0.00423233749302
"444","Ile Alphonse",6.81416545736
"445","Ile Europa",0.0846672590214
"446","Ile Europa",33.4783939031
"447","Johnston",0.110858189377
"448","Johnston",2.5780043545
"449","Johnston",0.089406750549
"450","Johnston",0.090113485968
"451","Kanton",0.376271366407
"452","Kanton",10.6569920731
"453","Kapingamarangi",0.00550337521795
"454","Kapingamarangi",0.186403611149
"455","Kapingamarangi",0.00408778808321
"456","Kapingamarangi",0.00499004905147
"457","Kapingamarangi",0.008147082215
"458","Kapingamarangi",0.0119099599896
"459","Kapingamarangi",0.0363961461556
"460","Kapingamarangi",0.0119226771792
"461","Kapingamarangi",0.0480032690087
"462","Kapingamarangi",0.0251196101644
"463","Kapingamarangi",0.00688876011633
"464","Kapingamarangi",0.0222062118802
"465","Kapingamarangi",0.0103817975996
"466","Kapingamarangi",0.121365394542
"467","Kapingamarangi",0.0311080921558
"468","Kapingamarangi",0.0546252553003
"469","Kapingamarangi",0.0782659565961
"470","Kapingamarangi",0.00663996785601
"471","Kapingamarangi",0.0636690959231
"472","Kapingamarangi",0.382313998173
"473","Kapingamarangi",0.00479497254822
"474","Kapingamarangi",0.01042072258
"475","Kapingamarangi",0.0189964873835
"476","Kapingamarangi",0.0249452132491
"477","Kapingamarangi",0.0580902956019
"478","Kapingamarangi",0.00455898949746
"479","Kapingamarangi",0.0097727078418
"480","Kapingamarangi",0.0105111544827
"481","Kapingamarangi",0.0101045358096
"482","Katiu",6.68294820907
"483","Katiu",0.0308265657939
"484","Katiu",0.375778866652
"485","Katiu",2.42255414282
"486","Katiu",0.0231676737834
"487","Katiu",0.313431748817
"488","Katiu",0.0403235708864
"489","Katiu",0.00913769339217
"490","Katiu",0.0127002177638
"491","Katiu",0.157806870969
"492","Katiu",0.169256359207
"493","Katiu",0.0458483101876
"494","Katiu",0.0814213254893
"495","Katiu",0.0221803427034
"496","Katiu",0.00742554451937
"497","Katiu",0.061349826016
"498","Katiu",0.00755072941843
"499","Katiu",0.0136878370171
"500","Katiu",0.0314327991091
"501","Katiu",0.0228238714557
"502","Katiu",0.266367330659
"503","Katiu",0.162952818348
"504","Katiu",0.0154304612502
"505","Katiu",0.0536617508964
"506","Katiu",0.0167746575662
"507","Katiu",0.00914681407041
"508","Katiu",0.0246343622804
"509","Katiu",0.0125998066546
"510","Katiu",0.0767767437351
"511","Katiu",0.186105040211
"512","Katiu",0.13220554039
"513","Katiu",0.00575735743007
"514","Katiu",0.225033149606
"515","Katiu",2.64203023156
"516","Katiu",0.0816889136377
"517","Kauehi",0.0396100773102
"518","Kauehi",0.0236831874212
"519","Kauehi",0.0102695007861
"520","Kauehi",0.868848220899
"521","Kauehi",0.0294630617248
"522","Kauehi",0.00505862995609
"523","Kauehi",0.0830598131404
"524","Kauehi",0.00578857325985
"525","Kauehi",11.4498075816
"526","Kauehi",0.0959221003403
"527","Kauehi",0.457145600316
"528","Kauehi",0.00509479985013
"529","Kauehi",0.0241284534584
"530","Kauehi",0.00852159013518
"531","Kauehi",0.655685012378
"532","Kauehi",0.0537115563128
"533","Kauehi",0.674174846824
"534","Kauehi",0.0373904575565
"535","Kauehi",0.00582078527899
"536","Kauehi",0.00833569562091
"537","Kauehi",0.00830472131491
"538","Kauehi",0.0111951675953
"539","Kauehi",0.0354350493124
"540","Kauehi",0.0145309199788
"541","Kauehi",0.0748140864497
"542","Kauehi",0.174818175828
"543","Kauehi",0.00421510962408
"544","Kauehi",0.185270006648
"545","Kauehi",1.08897830826
"546","Kauehi",0.0551908327173
"547","Kauehi",0.468416101034
"548","Kauehi",1.83397463352
"549","Kauehi",0.797966035686
"550","Kayangel",0.0173818687284
"551","Kayangel",1.16469490339
"552","Kayangel",0.36189301574
"553","Kayangel",0.0863305881302
"554","Lintea",8.45356588842
"555","Lintea",0.16780348221
"556","Lukunor",0.00818577294499
"557","Lukunor",0.00967970851867
"558","Lukunor",0.0437316220446
"559","Lukunor",0.0096927383368
"560","Lukunor",0.0112573041811
"561","Lukunor",0.0288876907657
"562","Lukunor",0.0138072099501
"563","Lukunor",0.0139114649425
"564","Lukunor",0.314936843851
"565","Lukunor",0.21355407555
"566","Lukunor",1.33581785262
"567","Lukunor",0.00931949559746
"568","Lukunor",0.0190346176228
"569","Lukunor",0.578120225371
"570","Lukunor",0.0871445580066
"571","Makemo",0.0791130971123
"572","Makemo",0.121742387903
"573","Makemo",0.0857598086106
"574","Makemo",0.0050604741201
"575","Makemo",0.0260935694154
"576","Makemo",0.0313263875025
"577","Makemo",0.0232211678796
"578","Makemo",0.00675457943454
"579","Makemo",0.0720164510025
"580","Makemo",0.0111013620171
"581","Makemo",0.0898631001282
"582","Makemo",0.00590717360845
"583","Makemo",0.0837224468806
"584","Makemo",0.0451364842639
"585","Makemo",0.00999533000466
"586","Makemo",0.0433058809016
"587","Makemo",0.00428889031347
"588","Makemo",0.00418278846154
"589","Makemo",0.0600830571337
"590","Makemo",0.0127717845847
"591","Makemo",0.00414777831416
"592","Makemo",0.00491818462923
"593","Makemo",0.00414919922392
"594","Makemo",0.00741635131161
"595","Makemo",0.013743123036
"596","Makemo",0.00584069477714
"597","Makemo",0.0128257798753
"598","Makemo",0.00505874237919
"599","Makemo",0.0221796939645
"600","Makemo",1.79583800327
"601","Makemo",0.00923988089151
"602","Makemo",0.0210512808207
"603","Makemo",0.00419813387393
"604","Makemo",0.00595666063942
"605","Makemo",0.00741366279214
"606","Makemo",0.0477523945537
"607","Makemo",0.0176285513834
"608","Makemo",0.00419881847183
"609","Makemo",0.0670331132088
"610","Makemo",0.00504002948684
"611","Makemo",0.0101344166102
"612","Makemo",0.00670716377961
"613","Makemo",0.0579690948957
"614","Makemo",0.0723146411935
"615","Makemo",0.00804651122241
"616","Makemo",0.0187256678558
"617","Makemo",0.00492163811724
"618","Makemo",0.0454531925271
"619","Makemo",0.0528359069005
"620","Makemo",0.0125627926022
"621","Makemo",0.014339371843
"622","Makemo",0.00646408626232
"623","Makemo",0.00415200370084
"624","Makemo",0.22883878534
"625","Makemo",0.0092942999501
"626","Makemo",0.0125780605804
"627","Makemo",0.00666886313189
"628","Makemo",0.00584142390401
"629","Makemo",0.00918034809232
"630","Makemo",0.0153913549134
"631","Makemo",0.0115371109759
"632","Makemo",0.00747766634368
"633","Makemo",0.0253730929939
"634","Makemo",0.00591412500944
"635","Makemo",0.026209619566
"636","Makemo",0.00754941263131
"637","Makemo",0.175216168349
"638","Makemo",0.00512387440154
"639","Makemo",0.0118111062969
"640","Makemo",0.00502203074201
"641","Makemo",0.0180905368922
"642","Makemo",0.0118326852123
"643","Makemo",0.0152212409841
"644","Makemo",0.0193906558184
"645","Makemo",0.0121556812196
"646","Makemo",0.00512345999802
"647","Makemo",0.00504095709825
"648","Makemo",0.00418521896142
"649","Makemo",18.3693015365
"650","Makemo",0.00836190080631
"651","Makemo",0.0689403823644
"652","Makemo",3.69273287414
"653","Makemo",0.00581165684604
"654","Makemo",0.00418668425909
"655","Makemo",0.018981086991
"656","Makemo",0.67155973642
"657","Makemo",0.010029569164
"658","Makemo",0.00988991155157
"659","Makemo",0.0209636684011
"660","Makemo",0.156259888355
"661","Makemo",0.0126654150526
"662","Makemo",0.0813020827453
"663","Makemo",0.0135516629774
"664","Makemo",0.0128091892648
"665","Makemo",8.6331882219
"666","Makemo",0.0218801846779
"667","Makemo",0.0820987965645
"668","Makemo",0.00836970859501
"669","Makemo",0.0509797637546
"670","Makemo",0.0195825738748
"671","Makemo",0.00742001281115
"672","Makemo",0.017869326086
"673","Makemo",0.00679783124068
"674","Makemo",0.0130461413775
"675","Makemo",0.0607805514462
"676","Makemo",0.00497998455943
"677","Makemo",0.0652902232826
"678","Makemo",0.004917874242
"679","Makemo",0.0144532626701
"680","Makemo",0.0366877053059
"681","Makemo",0.02997601906
"682","Makemo",0.103937899514
"683","Makemo",0.00667058929268
"684","Makemo",0.00981961106859
"685","Makemo",0.0082720631639
"686","Makemo",0.00413385696369
"687","Makemo",0.00756428562516
"688","Makemo",0.0471287652654
"689","Makemo",0.117581995527
"690","Makemo",0.0336833068156
"691","Makemo",0.0606787763283
"692","Makemo",0.0196954461407
"693","Makemo",0.00768090436176
"694","Makemo",0.0373122530619
"695","Manihi",0.0691892171105
"696","Manihi",0.503478337802
"697","Manihi",0.271192060426
"698","Manihi",0.0119878370682
"699","Manihi",0.343301135429
"700","Manihi",0.00422936720618
"701","Manihi",0.836346099088
"702","Manihi",0.040759471341
"703","Manihi",0.0830181811239
"704","Manihi",0.968447717027
"705","Manihi",0.455486137628
"706","Manihi",0.106082294447
"707","Manihi",0.345018071912
"708","Manihi",0.0145394770223
"709","Manihi",0.0723890281567
"710","Manihi",0.0253621242517
"711","Manihi",0.420149285055
"712","Manihi",2.22995044464
"713","Manihi",0.00831561199601
"714","Manihi",8.1356010502
"715","Manihi",5.88698931493
"716","Ouvea",0.206207768522
"717","Ouvea",0.0116204400701
"718","Ouvea",0.115786319873
"719","Ouvea",0.00530661302314
"720","Ouvea",0.350638605216
"721","Ouvea",0.293516847821
"722","Ouvea",0.0106292801456
"723","Ouvea",0.0311203223734
"724","Ouvea",3.20925123057
"725","Ouvea",0.089997180119
"726","Ouvea",0.0275102794402
"727","Ouvea",0.332939058274
"728","Ouvea",129.164358456
"729","Ouvea",0.00894309750894
"730","Ouvea",0.219980146312
"731","Ouvea",0.0473444817335
"732","Ouvea",6.60566350193
"733","Ouvea",0.0543284088546
"734","Ouvea",0.00479555440517
"735","Ouvea",0.655725827459
"736","Ouvea",0.0580837887641
"737","Ouvea",0.0712946706134
"738","Ouvea",0.0888721312826
"739","Ouvea",0.0087808912658
"740","Ouvea",0.0167699274737
"741","Ouvea",0.176228068015
"742","Ouvea",0.0231910642851
"743","Ouvea",0.212535548655
"744","Ouvea",0.153656422433
"745","Ouvea",0.013306659838
"746","Ouvea",0.047489483237
"747","Ouvea",0.340862077268
"748","Ouvea",0.0903353845132
"749","Ouvea",0.109469935006
"750","Ouvea",0.0579902396576
"751","Ouvea",0.0114568005603
"752","Ouvea",0.00654151055852
"753","Ouvea",0.031767642139
"754","Ouvea",0.624332165388
"755","Ouvea",0.0115654750783
"756","Pukapuka",1.426013787
"757","Pukapuka",1.26976451085
"758","Pukapuka",0.445934261502
"759","Pukapuka",0.0590093996903
"760","Rangiroa",0.051465724674
"761","Rangiroa",0.0186662810225
"762","Rangiroa",0.10218812758
"763","Rangiroa",0.00585075016941
"764","Rangiroa",0.151034802779
"765","Rangiroa",0.0075767089785
"766","Rangiroa",0.0216020957527
"767","Rangiroa",0.0453910019245
"768","Rangiroa",0.129100692463
"769","Rangiroa",0.0171532605191
"770","Rangiroa",0.0110842272708
"771","Rangiroa",0.0495050475569
"772","Rangiroa",0.00432110991514
"773","Rangiroa",0.077438901074
"774","Rangiroa",0.00507500456343
"775","Rangiroa",0.00744889129135
"776","Rangiroa",0.131353861244
"777","Rangiroa",0.0325517904435
"778","Rangiroa",0.074299583364
"779","Rangiroa",0.102237008054
"780","Rangiroa",0.17436250224
"781","Rangiroa",0.136453271424
"782","Rangiroa",0.978555241333
"783","Rangiroa",0.00486183826848
"784","Rangiroa",0.00867266563722
"785","Rangiroa",0.583327899123
"786","Rangiroa",0.0981452682911
"787","Rangiroa",0.04349318878
"788","Rangiroa",0.439037744732
"789","Rangiroa",0.412635546383
"790","Rangiroa",0.00507544248712
"791","Rangiroa",0.00661129787163
"792","Rangiroa",0.0554493571173
"793","Rangiroa",0.00429689080025
"794","Rangiroa",0.0302613035225
"795","Rangiroa",0.0195412038641
"796","Rangiroa",0.015704499966
"797","Rangiroa",0.0278013136112
"798","Rangiroa",0.00368577455123
"799","Rangiroa",0.00653401135761
"800","Rangiroa",0.00490543562393
"801","Rangiroa",0.689600322817
"802","Rangiroa",0.0668461637244
"803","Rangiroa",0.0537230809748
"804","Rangiroa",0.00382271823899
"805","Rangiroa",0.00655478508257
"806","Rangiroa",0.0538338571171
"807","Rangiroa",0.00664947251952
"808","Rangiroa",0.00515592956475
"809","Rangiroa",0.513143749359
"810","Rangiroa",0.00926160387887
"811","Rangiroa",0.247083987255
"812","Rangiroa",0.0185283884174
"813","Rangiroa",0.0423752401972
"814","Rangiroa",0.10838645769
"815","Rangiroa",0.0272255364023
"816","Rangiroa",0.0049632263637
"817","Rangiroa",0.00745125987928
"818","Rangiroa",0.0075952241725
"819","Rangiroa",0.00825699031354
"820","Rangiroa",0.00418591184903
"821","Rangiroa",0.00984324655682
"822","Rangiroa",0.00508444038585
"823","Rangiroa",0.00418121532827
"824","Rangiroa",0.0049561859114
"825","Rangiroa",0.00942709532514
"826","Rangiroa",0.00742139510426
"827","Rangiroa",0.0105318748869
"828","Rangiroa",0.0585805701643
"829","Rangiroa",0.00418053413865
"830","Rangiroa",0.00418020403363
"831","Rangiroa",0.00417884193352
"832","Rangiroa",0.00421453523208
"833","Rangiroa",0.00475056544985
"834","Rangiroa",0.00826097052518
"835","Rangiroa",0.00515953626427
"836","Rangiroa",0.0324353196675
"837","Rangiroa",0.0269269045448
"838","Rangiroa",0.0139274054384
"839","Rangiroa",0.00570187029769
"840","Rangiroa",0.0066910351358
"841","Rangiroa",0.00507450973988
"842","Rangiroa",0.0050745268576
"843","Rangiroa",0.00976841682082
"844","Rangiroa",0.00464959347911
"845","Rangiroa",0.0119023771325
"846","Rangiroa",0.00508261796402
"847","Rangiroa",0.00490270610459
"848","Rangiroa",0.0044979680194
"849","Rangiroa",0.00715370949188
"850","Rangiroa",0.0068871700018
"851","Rangiroa",0.0237112444303
"852","Rangiroa",0.00409285114342
"853","Rangiroa",0.00408308745827
"854","Rangiroa",0.00981044024858
"855","Rangiroa",0.00841488120354
"856","Rangiroa",0.00600085858885
"857","Rangiroa",0.0098905423587
"858","Rangiroa",0.0119855835312
"859","Rangiroa",0.0050727525349
"860","Rangiroa",0.0102445942572
"861","Rangiroa",0.0193977463658
"862","Rangiroa",0.0211175886185
"863","Rangiroa",0.00431855951995
"864","Rangiroa",0.00967801567337
"865","Rangiroa",0.0903025417367
"866","Rangiroa",0.00588662032415
"867","Rangiroa",0.00594875131299
"868","Rangiroa",0.0486842553235
"869","Rangiroa",0.0111021935976
"870","Rangiroa",0.00579589791938
"871","Rangiroa",0.00656850840342
"872","Rangiroa",0.0258071397817
"873","Rangiroa",0.00651824080294
"874","Rangiroa",0.00829319459532
"875","Rangiroa",0.0104075091689
"876","Rangiroa",0.529792172662
"877","Rangiroa",0.0299405718125
"878","Rangiroa",0.0147413084398
"879","Rangiroa",0.00668962666912
"880","Rangiroa",0.134331260274
"881","Rangiroa",0.00586931168818
"882","Rangiroa",0.00597364791143
"883","Rangiroa",0.00580398154472
"884","Rangiroa",0.00595942708705
"885","Rangiroa",0.00828390008067
"886","Rangiroa",0.0126638920262
"887","Rangiroa",0.00516192321374
"888","Rangiroa",0.00432228324953
"889","Rangiroa",0.00925045420405
"890","Rangiroa",0.0126432047976
"891","Rangiroa",0.0083831817134
"892","Rangiroa",0.0455918560711
"893","Rangiroa",0.0361647048149
"894","Rangiroa",0.0248919421693
"895","Rangiroa",0.0780850869769
"896","Rangiroa",0.00669364484213
"897","Rangiroa",0.00842219053465
"898","Rangiroa",0.0645369633417
"899","Rangiroa",0.00421408109739
"900","Rangiroa",0.0168059897815
"901","Rangiroa",0.00416962156914
"902","Rangiroa",0.033021598269
"903","Rangiroa",0.00746819589139
"904","Rangiroa",0.0102702227398
"905","Rangiroa",0.0339429662329
"906","Rangiroa",0.0405729772246
"907","Rangiroa",0.0402314720151
"908","Rangiroa",0.0193508878465
"909","Rangiroa",0.00507360407359
"910","Rangiroa",0.103939415369
"911","Rangiroa",0.0185654231519
"912","Rangiroa",0.0413358908714
"913","Rangiroa",0.0187910401463
"914","Rangiroa",0.0152606404202
"915","Rangiroa",0.00501245660481
"916","Rangiroa",0.0188232727559
"917","Rangiroa",0.0204926321324
"918","Rangiroa",0.0121301968042
"919","Rangiroa",0.00580554901311
"920","Rangiroa",0.0108929960586
"921","Rangiroa",0.0783350692723
"922","Rangiroa",0.021427048545
"923","Rangiroa",7.82701948446
"924","Rangiroa",0.283394255126
"925","Rangiroa",0.0247570379515
"926","Rangiroa",2.97608878466
"927","Rangiroa",0.0127388015287
"928","Rangiroa",0.0380353061428
"929","Rangiroa",3.20842265222
"930","Rangiroa",0.0409939478871
"931","Rangiroa",1.2409453656
"932","Rangiroa",0.00674764178133
"933","Rangiroa",0.0163829863095
"934","Rangiroa",0.0142245846309
"935","Rangiroa",0.0157360140999
"936","Rangiroa",2.80057089023
"937","Rangiroa",0.00668871574399
"938","Rangiroa",0.0237011168465
"939","Rangiroa",1.32828248269
"940","Rangiroa",0.00417735364317
"941","Rangiroa",0.0179091420593
"942","Rangiroa",0.0103145410641
"943","Rangiroa",0.0231820197711
"944","Rangiroa",1.41308038383
"945","Rangiroa",0.00416210649129
"946","Rangiroa",0.00762912506094
"947","Rangiroa",0.014640721416
"948","Rangiroa",0.0143912761464
"949","Rangiroa",0.0160110725411
"950","Rangiroa",0.0116574164305
"951","Rangiroa",0.00826544368224
"952","Rangiroa",0.00525381004921
"953","Rangiroa",0.412704817732
"954","Rangiroa",0.0168482296539
"955","Rangiroa",0.00744075910671
"956","Rangiroa",0.0258693621845
"957","Rangiroa",0.228722935865
"958","Rangiroa",0.00417854457004
"959","Rangiroa",0.0258874201223
"960","Rangiroa",0.00418245293162
"961","Rangiroa",0.00519583077289
"962","Rangiroa",0.00405341821252
"963","Rangiroa",0.287269368996
"964","Rangiroa",0.0111645087941
"965","Rangiroa",0.220028789721
"966","Rangiroa",0.00421554994481
"967","Rangiroa",0.0524082554989
"968","Rangiroa",0.00425394508659
"969","Rangiroa",0.00643645017841
"970","Rangiroa",0.0345952018434
"971","Rangiroa",0.00743500215243
"972","Rangiroa",0.267332782025
"973","Rangiroa",0.0221701536497
"974","Rangiroa",0.022136104654
"975","Rangiroa",0.030507510286
"976","Rangiroa",18.2246948792
"977","Rangiroa",0.0939323324103
"978","Rangiroa",4.42311980773
"979","Rangiroa",0.275009754994
"980","Rangiroa",0.274306800036
"981","Rangiroa",4.81357343048
"982","Rangiroa",0.0677326652197
"983","Rangiroa",0.020555822004
"984","Rangiroa",0.0390932959904
"985","Rangiroa",13.6534273336
"986","Rangiroa",2.61364496707
"987","Rangiroa",0.1913657501
"988","Rangiroa",0.116802654175
"989","Rangiroa",0.0370260194342
"990","Rangiroa",0.0203844852617
"991","Rangiroa",0.0749894425425
"992","Rangiroa",0.0241832885424
"993","Rangiroa",0.0267394600459
"994","Rangiroa",0.00755357372307
"995","Rangiroa",0.0116406013711
"996","Rangiroa",0.0212653572901
"997","Rangiroa",0.0153548025713
"998","Rangiroa",0.0355703084014
"999","Rangiroa",0.0202433123638
"1000","Rangiroa",0.017681403082
"1001","Rangiroa",0.0119179076779
"1002","Rangiroa",0.00675238915763
"1003","Rangiroa",0.554780448381
"1004","Rangiroa",0.00566593571523
"1005","Rangiroa",0.00507508981085
"1006","Rangiroa",0.0045680085568
"1007","Rangiroa",0.0129738840557
"1008","Rangiroa",0.0170450529957
"1009","Rangiroa",0.00989393638294
"1010","Rangiroa",0.194752024253
"1011","Rangiroa",0.0148334766961
"1012","Rangiroa",0.71280562604
"1013","Rangiroa",0.00950097296933
"1014","Rangiroa",0.0145855697842
"1015","Rangiroa",0.00896858488601
"1016","Rangiroa",0.0209382702188
"1017","Rangiroa",0.0208167792024
"1018","Rangiroa",0.597429959017
"1019","Rangiroa",0.00404940314589
"1020","Rangiroa",0.0144904779905
"1021","Rangiroa",0.251450488455
"1022","Rangiroa",0.00507490223509
"1023","Rangiroa",0.114856045384
"1024","Rangiroa",0.309643627808
"1025","Rangiroa",0.00507534791607
"1026","Rangiroa",0.00507483850394
"1027","Rangiroa",0.0133331324955
"1028","Rangiroa",0.00669129313477
"1029","Rangiroa",0.0100486554836
"1030","Rangiroa",0.00432037839396
"1031","Rangiroa",0.00585081844105
"1032","Rangiroa",0.511942301724
"1033","Rangiroa",0.252000851832
"1034","Rangiroa",0.480484751452
"1035","Rangiroa",0.0300537425185
"1036","Rani",0.0736694484029
"1037","Rani",0.151713142317
"1038","Rani",3.44538280863
"1039","Raraka",0.0293637437226
"1040","Raraka",0.0182091106102
"1041","Raraka",0.004192311217
"1042","Raraka",0.657937108803
"1043","Raraka",0.048932508193
"1044","Raraka",0.0142905459239
"1045","Raraka",0.0264530202575
"1046","Raraka",0.0203821780624
"1047","Raraka",0.0223826889627
"1048","Raraka",0.00735016270151
"1049","Raraka",0.00571045772374
"1050","Raraka",0.00419294655685
"1051","Raraka",0.00653048442886
"1052","Raraka",0.004194511034
"1053","Raraka",0.00612917250114
"1054","Raraka",0.00408214593076
"1055","Raraka",0.0102883922603
"1056","Raraka",0.00653883357898
"1057","Raraka",0.0148431787945
"1058","Raraka",0.00504912050403
"1059","Raraka",0.00735516185709
"1060","Raraka",0.0259390432984
"1061","Raraka",0.0252114334749
"1062","Raraka",0.0192694459917
"1063","Raraka",0.00612434696769
"1064","Raraka",0.0193338435458
"1065","Raraka",1.41121494545
"1066","Raraka",0.00513139793661
"1067","Raraka",0.112676802267
"1068","Raraka",1.89196574999
"1069","Raraka",0.00513140944824
"1070","Raraka",0.205262482128
"1071","Raraka",0.00420509375318
"1072","Raraka",5.0681498075
"1073","Raraka",0.00984365741329
"1074","Raraka",0.0681771588517
"1075","Raraka",0.00835619142124
"1076","Raraka",6.89145818219
"1077","Raraka",0.00504912069511
"1078","Raraka",0.181121564104
"1079","Raraka",0.0333531618959
"1080","Raraka",1.07941240661
"1081","Raraka",0.0140365308817
"1082","Raraka",0.219562125022
"1083","Raraka",0.0067178759163
"1084","Raraka",0.126879392592
"1085","Raraka",0.00585311588038
"1086","Raraka",0.883995175213
"1087","Raraka",0.0648700115453
"1088","Raraka",0.053015329696
"1089","Raraka",1.48945521957
"1090","Raraka",0.00586915420045
"1091","Raraka",1.07276844395
"1092","Raraka",0.0364314011469
"1093","Raraka",0.0107266400359
"1094","Raraka",0.0387520121978
"1095","Raraka",0.00938191958876
"1096","Raraka",0.0289724252301
"1097","Raraka",0.0646375448159
"1098","Raraka",0.0493374550415
"1099","Raraka",0.00598520560568
"1100","Raraka",0.00874466228063
"1101","Raraka",0.0125740339745
"1102","Raraka",0.00504885277517
"1103","Raraka",0.0173862286114
"1104","Raraka",0.035595704308
"1105","Raraka",0.0142831145137
"1106","Sapwuahfik",0.0520322459398
"1107","Sapwuahfik",0.0122609999544
"1108","Sapwuahfik",0.0175594465889
"1109","Sapwuahfik",0.0704314794635
"1110","Sapwuahfik",0.274908178204
"1111","Sapwuahfik",0.00367688700744
"1112","Sapwuahfik",0.0533697563034
"1113","Sapwuahfik",0.0098395895524
"1114","Sapwuahfik",0.0347896230036
"1115","Sapwuahfik",0.00435065087712
"1116","Sapwuahfik",0.968448587894
"1117","Sapwuahfik",0.00786957561342
"1118","Sapwuahfik",0.0352803167512
"1119","Sapwuahfik",0.00490290965622
"1120","Sapwuahfik",0.334268571294
"1121","Satawan",0.00620765485413
"1122","Satawan",0.129676472416
"1123","Satawan",0.0349192625977
"1124","Satawan",0.00527711530944
"1125","Satawan",0.010449734389
"1126","Satawan",0.450739178922
"1127","Satawan",0.00658408018062
"1128","Satawan",0.00533362625851
"1129","Satawan",0.0076515965277
"1130","Satawan",0.00381614871283
"1131","Satawan",0.00367599207083
"1132","Satawan",0.0820749355189
"1133","Satawan",0.0304875243769
"1134","Satawan",0.0267539993517
"1135","Satawan",0.0113413299577
"1136","Satawan",0.00417185611366
"1137","Satawan",0.0623371248263
"1138","Satawan",0.166848793129
"1139","Satawan",0.00782459630243
"1140","Satawan",0.347268797868
"1141","Satawan",0.050316609985
"1142","Satawan",0.00536803981533
"1143","Satawan",0.0252557757251
"1144","Satawan",0.0312703222248
"1145","Satawan",0.00964399267813
"1146","Satawan",0.221023383375
"1147","Satawan",0.00951079802933
"1148","Satawan",0.114762691665
"1149","Satawan",0.0116771356166
"1150","Satawan",0.00491110658804
"1151","Satawan",0.00612757133863
"1152","Satawan",0.0159655699863
"1153","Satawan",1.3736906348
"1154","Satawan",0.00410421951939
"1155","Satawan",0.0204215412498
"1156","Satawan",1.24211023443
"1157","Satawan",0.00695206371055
"1158","Satawan",0.0148618967044
"1159","Satawan",0.0253251001405
"1160","Satawan",0.0264089475314
"1161","Satawan",0.0104752474408
"1162","Satawan",0.0094363513017
"1163","Satawan",0.0136038672237
"1164","Satawan",0.0362639683946
"1165","Satawan",0.0141224509339
"1166","Satawan",0.0238934603728
"1167","Satawan",0.0564393200623
"1168","Satawan",0.00409606490828
"1169","Satawan",0.0452957447179
"1170","Satawan",0.00941341548111
"1171","Satawan",0.00670894881407
"1172","Satawan",0.00552904033817
"1173","Satawan",0.00368546968138
"1174","Satawan",0.0165350307848
"1175","Satawan",0.0450406509755
"1176","Satawan",0.00409130534283
"1177","Satawan",0.00738876715607
"1178","Satawan",0.0105290843541
"1179","Satawan",0.00846442124253
"1180","Satawan",0.0143258881203
"1181","Satawan",0.00694421608641
"1182","Satawan",0.0123276213903
"1183","Satawan",0.0127413883157
"1184","Satawan",0.0135146689161
"1185","Satawan",0.0187092948753
"1186","Satawan",0.0084980645445
"1187","Satawan",0.00688859827578
"1188","Satawan",0.00829691308224
"1189","Satawan",0.0357817385258
"1190","Satawan",0.0119106248189
"1191","Satawan",0.00399396299889
"1192","Sibutu",0.00957145814683
"1193","Sibutu",0.00431472796557
"1194","Sibutu",0.00693885496018
"1195","Sibutu",106.720077854
"1196","Sibutu",4.33277990512
"1197","Sibutu",0.00693847570803
"1198","Sibutu",1.17849315554
"1199","Sibutu",0.169594641704
"1200","Sibutu",0.00517743073871
"1201","Sibutu",0.788974915033
"1202","Sibutu",0.0711043006289
"1203","Sibutu",0.184782994021
"1204","Sibutu",0.192872507882
"1205","Sibutu",20.2239177536
"1206","Sibutu",0.010500250298
"1207","Sibutu",0.0342266359827
"1208","Sibutu",0.073680115439
"1209","Sibutu",0.665606854236
"1210","Sibutu",0.943659016793
"1211","Sibutu",0.0086891649931
"1212","Tabuaeran",17.8359863371
"1213","Tabuaeran",11.6721947318
"1214","Tabuaeran",11.9566706608
"1215","Tahanea",0.365948708922
"1216","Tahanea",0.130167407437
"1217","Tahanea",0.0333633043285
"1218","Tahanea",0.0218872265338
"1219","Tahanea",0.0297918067943
"1220","Tahanea",0.00504224180209
"1221","Tahanea",0.0244077815755
"1222","Tahanea",0.0436749254516
"1223","Tahanea",0.0081659434296
"1224","Tahanea",0.0122510648758
"1225","Tahanea",0.0132664897147
"1226","Tahanea",0.376975586666
"1227","Tahanea",0.00907849956181
"1228","Tahanea",0.0115309916021
"1229","Tahanea",0.00796406667745
"1230","Tahanea",0.467157833196
"1231","Tahanea",0.0041481264602
"1232","Tahanea",0.00693528197208
"1233","Tahanea",0.099472611784
"1234","Tahanea",0.0166074539987
"1235","Tahanea",1.37328706859
"1236","Tahanea",0.105910264981
"1237","Tahanea",0.00408735974789
"1238","Tahanea",0.115054556487
"1239","Tahanea",1.27174815794
"1240","Tahanea",0.446075692894
"1241","Tahanea",0.0724340617892
"1242","Tahanea",2.17332142495
"1243","Tahanea",0.0048958638745
"1244","Tahanea",0.0138750155208
"1245","Tahanea",0.0244746498987
"1246","Tahanea",0.113097327255
"1247","Tahanea",0.00652901760678
"1248","Tahanea",0.005759394251
"1249","Tahanea",0.160999433881
"1250","Tahanea",3.41312863251
"1251","Tahanea",0.097531801717
"1252","Tahanea",0.0407876748714
"1253","Tahanea",0.301757311294
"1254","Tahanea",0.0289869171206
"1255","Tahanea",0.304171106397
"1256","Tahanea",0.625908169457
"1257","Tahanea",0.0040835727031
"1258","Tahanea",0.613255698979
"1259","Tahanea",0.0125499199086
"1260","Tahanea",0.713607453785
"1261","Tahanea",0.0160235041904
"1262","Tahanea",0.00511730803096
"1263","Tahanea",0.0536580235029
"1264","Tahanea",0.011702620351
"1265","Tahanea",0.0221522961983
"1266","Tahanea",0.0233445517854
"1267","Tahanea",0.00583655693764
"1268","Tahanea",0.0049449308181
"1269","Tahanea",0.129347304875
"1270","Tahanea",0.534895010833
"1271","Tahanea",0.0875208079215
"1272","Tahanea",0.0367390166467
"1273","Tahanea",0.0275052958915
"1274","Tahanea",0.0326422534635
"1275","Tahanea",0.122898887352
"1276","Tahanea",0.00503583129437
"1277","Tahanea",0.0185659957338
"1278","Tahanea",0.030689264833
"1279","Tahanea",0.00761250198832
"1280","Tahanea",0.00410287148543
"1281","Tikehau",0.0050778156714
"1282","Tikehau",0.0163922511453
"1283","Tikehau",0.291261762247
"1284","Tikehau",0.0572376385672
"1285","Tikehau",0.0242388749296
"1286","Tikehau",0.0853676984703
"1287","Tikehau",0.00408465833835
"1288","Tikehau",0.00612895473147
"1289","Tikehau",0.0147048943287
"1290","Tikehau",0.00419806238534
"1291","Tikehau",0.0613222320958
"1292","Tikehau",0.0150783211561
"1293","Tikehau",0.434157642126
"1294","Tikehau",0.0415015369366
"1295","Tikehau",0.206971655998
"1296","Tikehau",0.166344520238
"1297","Tikehau",0.1997504715
"1298","Tikehau",0.0686825002117
"1299","Tikehau",0.14393787762
"1300","Tikehau",13.2985040484
"1301","Tikehau",6.80546003402
"1302","Tikehau",1.34996042599
"1303","Tikehau",1.35623539422
"1304","Tikehau",4.82522037269
"1305","Tikehau",1.06893914109
"1306","Tikehau",0.00495847540358
"1307","Tikehau",0.0094838363658
"1308","Tikehau",0.735165666667
"1309","Tikehau",0.0265996490481
"1310","Tikehau",0.0632973337844
"1311","Tikehau",0.0100543019325
"1312","Tikehau",0.116504278673
"1313","Tikehau",0.0293272110762
"1314","Tikehau",0.00672099145088
"1315","Tikehau",0.025599822097
"1316","Tikehau",0.049313621718
"1317","Tikehau",0.00678579196351
"1318","Tikehau",0.0123365364149
"1319","Tikehau",0.008272647986
"1320","Tikehau",0.00588714210447
"1321","Tikehau",0.00745249696978
"1322","Tikehau",0.528769706601
"1323","Tikehau",0.0211913584713
"1324","Tikehau",0.140057392771
"1325","Tikehau",0.146570193674
"1326","Tikehau",0.622347862087
"1327","Tikehau",0.0212151914983
"1328","Tikehau",0.00491899332263
"1329","Tikehau",0.00620234726776
"1330","Tikehau",0.426472923689
"1331","Tikehau",0.00651322881181
"1332","Tikehau",0.0113870700403
"1333","Tikehau",0.00495885823896
"1334","Tikehau",0.152348032963
"1335","Tikehau",0.00943353040488
"1336","Tikehau",0.0685186717009
"1337","Tikehau",0.0042194302025
"1338","Tikehau",0.00555746607534
"1339","Tikehau",0.202571228624
"1340","Tikehau",0.0252705054059
"1341","Tikehau",0.0362987363325
"1342","Tikehau",0.631126059866
"1343","Tikehau",0.00567139054161
"1344","Tikehau",0.0108951171895
"1345","Tikehau",0.0535613663876
"1346","Tikehau",0.00494256137486
"1347","Tikehau",0.0327206014453
"1348","Tikehau",0.107861285901
"1349","Tikehau",0.0900359226277
"1350","Tikehau",0.0557523507401
"1351","Tikehau",0.176758087319
"1352","Tikehau",0.055083355663
"1353","Tikehau",0.014542965423
"1354","Tikehau",0.00977114035597
"1355","Tikehau",0.0116981840365
"1356","Tikehau",0.0108905743397
"1357","Tikehau",0.0148233972323
"1358","Tikehau",0.0119713560067
"1359","Tikehau",0.0206042063075
"1360","Tikehau",0.009303707462
"1361","Tikehau",0.00600771214414
"1362","Tikehau",2.88944244073
"1363","Tikehau",0.00644727508043
"1364","Tikehau",0.0834735055681
"1365","Tikehau",0.0375435043141
"1366","Ulithi",0.0125284333455
"1367","Ulithi",0.00725903999528
"1368","Ulithi",0.0427218074619
"1369","Ulithi",0.0545114028949
"1370","Ulithi",0.112796797779
"1371","Ulithi",0.0118445260035
"1372","Ulithi",0.113564821566
"1373","Ulithi",0.129112575658
"1374","Ulithi",0.389169735127
"1375","Ulithi",0.0557821024237
"1376","Ulithi",0.00567628081419
"1377","Ulithi",0.0274608557343
"1378","Ulithi",0.174993002386
"1379","Ulithi",0.0222749225076
"1380","Ulithi",0.150816070828
"1381","Ulithi",0.102716255154
"1382","Ulithi",0.88229608455
"1383","Ulithi",0.00536114060696
"1384","Ulithi",0.0532690807731
"1385","Ulithi",0.00571885528129
"1386","Ulithi",0.139341376976
"1387","Ulithi",0.110899135186
"1388","Ulithi",0.0142562304348
"1389","Ulithi",0.0505304125865
"1390","Ulithi",0.0268025398448
"1391","Ulithi",0.11132947934
"1392","Ulithi",0.016377570376
"1393","Ulithi",0.229987760246
"1394","Ulithi",0.269955090043
"1395","Ulithi",0.0324162801401
"1396","Ulithi",0.340166243708
"1397","Ulithi",0.00973179357133
"1398","Ulithi",0.265777222248
"1399","Ulithi",0.00696313900604
"1400","Ulithi",0.0198775151751
"1401","Ulithi",0.0316130803739
"1402","Ulithi",0.00604493041525
"1403","Ulithi",0.0164029678159
"1404","Ulithi",0.00717523916067
"1405","Ulithi",0.0146492047591
"1406","Wake",0.0508228468777
"1407","Wake",0.835272884244
"1408","Wake",0.0093820496662
"1409","Wake",6.28873187195
